danceability,energy,key,loudness,mode,speechiness,acousticness,instrumentalness,liveness,valence,tempo,duration_ms,time_signature,neg,neu,pos
0.418,0.794,11,-4.973,1,0.0816,0.08,0.0,0.329,0.178,129.434,241846,4,0.199,0.584,0.216
0.418,0.794,11,-4.973,1,0.0816,0.08,0.0,0.329,0.178,129.434,241846,4,0.199,0.584,0.216
0.658,0.294,4,-8.533,0,0.0321,0.422,5.2e-05,0.0749,0.358,74.038,278180,4,0.038,0.836,0.125
0.658,0.294,4,-8.533,0,0.0321,0.422,5.2e-05,0.0749,0.358,74.038,278180,4,0.038,0.836,0.125
0.424,0.606,6,-6.062,0,0.159,0.106,0.000272,0.144,0.397,213.788,342244,4,,,
0.424,0.606,6,-6.062,0,0.159,0.106,0.000272,0.144,0.397,213.788,342244,4,,,
0.688,0.425,4,-8.134,0,0.027,0.748,0.00548,0.101,0.179,129.975,144000,4,,,
0.688,0.425,4,-8.134,0,0.027,0.748,0.00548,0.101,0.179,129.975,144000,4,,,
0.413,0.822,9,-6.194,1,0.167,0.0712,0.00316,0.494,0.465,89.93,349187,4,,,
0.413,0.822,9,-6.194,1,0.167,0.0712,0.00316,0.494,0.465,89.93,349187,4,,,
0.728,0.607,1,-8.417,0,0.132,0.133,0.0,0.0864,0.445,129.938,176702,4,,,
0.728,0.607,1,-8.417,0,0.132,0.133,0.0,0.0864,0.445,129.938,176702,4,,,
0.885,0.595,7,-5.487,1,0.286,0.656,4.42e-06,0.105,0.754,148.034,183760,4,,,
0.885,0.595,7,-5.487,1,0.286,0.656,4.42e-06,0.105,0.754,148.034,183760,4,,,
0.373,0.72,1,-3.557,1,0.178,0.0379,0.000724,0.373,0.257,152.399,219429,4,,,
0.373,0.72,1,-3.557,1,0.178,0.0379,0.000724,0.373,0.257,152.399,219429,4,,,
0.529,0.565,1,-3.128,1,0.039,0.00235,0.917,0.586,0.118,82.513,269273,4,,,
0.529,0.565,1,-3.128,1,0.039,0.00235,0.917,0.586,0.118,82.513,269273,4,,,
0.303,0.922,5,-3.933,0,0.433,0.137,0.0,0.662,0.449,151.586,228782,4,0.104,0.868,0.028
0.303,0.922,5,-3.933,0,0.433,0.137,0.0,0.662,0.449,151.586,228782,4,0.104,0.868,0.028
0.523,0.539,5,-9.642,1,0.564,0.704,1.19e-05,0.0952,0.415,84.266,469831,4,,,
0.523,0.539,5,-9.642,1,0.564,0.704,1.19e-05,0.0952,0.415,84.266,469831,4,,,
0.78,0.773,10,-7.53,0,0.462,0.447,7.28e-05,0.0791,0.729,189.901,223526,4,,,
0.78,0.773,10,-7.53,0,0.462,0.447,7.28e-05,0.0791,0.729,189.901,223526,4,,,
0.722,0.441,1,-13.486,0,0.144,0.269,0.000896,0.5,0.58,140.873,159467,4,,,
0.722,0.441,1,-13.486,0,0.144,0.269,0.000896,0.5,0.58,140.873,159467,4,,,
0.877,0.572,11,-8.001,0,0.304,0.559,0.0,0.093,0.793,135.988,164118,4,,,
0.877,0.572,11,-8.001,0,0.304,0.559,0.0,0.093,0.793,135.988,164118,4,,,
0.583,0.654,2,-6.456,0,0.395,0.605,0.0,0.103,0.376,97.492,200774,5,,,
0.583,0.654,2,-6.456,0,0.395,0.605,0.0,0.103,0.376,97.492,200774,5,,,
0.677,0.567,9,-7.108,0,0.0349,0.189,0.000694,0.637,0.508,140.041,248660,4,0.028,0.78,0.193
0.677,0.567,9,-7.108,0,0.0349,0.189,0.000694,0.637,0.508,140.041,248660,4,0.028,0.78,0.193
0.759,0.342,1,-9.044,0,0.0406,0.775,0.0,0.112,0.22,99.995,216234,4,,,
0.759,0.342,1,-9.044,0,0.0406,0.775,0.0,0.112,0.22,99.995,216234,4,,,
0.629,0.402,7,-10.034,1,0.177,0.546,1.93e-05,0.126,0.14,129.97,182779,4,,,
0.629,0.402,7,-10.034,1,0.177,0.546,1.93e-05,0.126,0.14,129.97,182779,4,,,
0.665,0.488,0,-4.711,0,0.327,0.391,0.000647,0.0952,0.549,151.582,149320,4,0.037,0.756,0.207
0.665,0.488,0,-4.711,0,0.327,0.391,0.000647,0.0952,0.549,151.582,149320,4,0.037,0.756,0.207
0.539,0.841,1,-3.613,1,0.138,0.0319,0.0,0.0967,0.397,77.079,225080,4,0.072,0.847,0.081
0.539,0.841,1,-3.613,1,0.138,0.0319,0.0,0.0967,0.397,77.079,225080,4,0.072,0.847,0.081
0.556,0.723,0,-5.338,1,0.149,0.0293,0.0,0.13,0.555,110.628,219596,4,0.047,0.848,0.105
0.556,0.723,0,-5.338,1,0.149,0.0293,0.0,0.13,0.555,110.628,219596,4,0.047,0.848,0.105
0.653,0.553,8,-6.888,0,0.236,0.0799,0.0,0.313,0.468,118.004,197541,4,0.106,0.774,0.12
0.653,0.553,8,-6.888,0,0.236,0.0799,0.0,0.313,0.468,118.004,197541,4,0.106,0.774,0.12
0.683,0.346,0,-13.122,0,0.0783,0.0179,0.000111,0.0827,0.151,72.484,215905,4,,,
0.683,0.346,0,-13.122,0,0.0783,0.0179,0.000111,0.0827,0.151,72.484,215905,4,,,
0.682,0.346,6,-11.319,1,0.035,0.107,0.486,0.104,0.188,139.774,255990,4,,,
0.682,0.346,6,-11.319,1,0.035,0.107,0.486,0.104,0.188,139.774,255990,4,,,
0.541,0.588,6,-7.462,1,0.154,0.703,0.000938,0.124,0.288,135.747,152967,3,,,
0.541,0.588,6,-7.462,1,0.154,0.703,0.000938,0.124,0.288,135.747,152967,3,,,
0.465,0.213,0,-10.183,1,0.0323,0.856,0.00557,0.0863,0.0803,123.518,239702,4,,,
0.465,0.213,0,-10.183,1,0.0323,0.856,0.00557,0.0863,0.0803,123.518,239702,4,,,
0.288,0.215,11,-13.12,1,0.0628,0.969,0.0181,0.0957,0.137,75.774,188557,5,,,
0.288,0.215,11,-13.12,1,0.0628,0.969,0.0181,0.0957,0.137,75.774,188557,5,,,
0.894,0.284,11,-13.002,0,0.33,0.358,0.000487,0.11,0.413,138.944,216520,4,0.1,0.822,0.078
0.894,0.284,11,-13.002,0,0.33,0.358,0.000487,0.11,0.413,138.944,216520,4,0.1,0.822,0.078
0.758,0.751,1,-6.154,0,0.0296,0.417,0.0144,0.136,0.729,94.011,183830,4,,,
0.758,0.751,1,-6.154,0,0.0296,0.417,0.0144,0.136,0.729,94.011,183830,4,,,
0.431,0.773,2,-5.002,1,0.0636,0.0264,0.0,0.348,0.504,111.387,270927,4,,,
0.431,0.773,2,-5.002,1,0.0636,0.0264,0.0,0.348,0.504,111.387,270927,4,,,
0.411,0.618,4,-4.964,0,0.0469,0.109,0.0,0.279,0.211,120.734,289309,4,,,
0.411,0.618,4,-4.964,0,0.0469,0.109,0.0,0.279,0.211,120.734,289309,4,,,
0.745,0.457,1,-9.619,1,0.0424,0.541,0.00856,0.106,0.382,124.021,319622,4,,,
0.745,0.457,1,-9.619,1,0.0424,0.541,0.00856,0.106,0.382,124.021,319622,4,,,
0.441,0.698,5,-4.298,1,0.0393,0.0209,0.0,0.109,0.49,136.105,235366,4,,,
0.441,0.698,5,-4.298,1,0.0393,0.0209,0.0,0.109,0.49,136.105,235366,4,,,
0.74,0.63,7,-7.955,0,0.175,0.162,4.3e-06,0.205,0.517,130.041,213603,4,,,
0.74,0.63,7,-7.955,0,0.175,0.162,4.3e-06,0.205,0.517,130.041,213603,4,,,
0.704,0.644,0,-5.543,1,0.102,0.0226,1.04e-06,0.122,0.273,160.058,216959,3,,,
0.704,0.644,0,-5.543,1,0.102,0.0226,1.04e-06,0.122,0.273,160.058,216959,3,,,
0.639,0.493,6,-9.363,1,0.0668,0.0187,5.38e-05,0.522,0.262,134.976,196000,4,,,
0.639,0.493,6,-9.363,1,0.0668,0.0187,5.38e-05,0.522,0.262,134.976,196000,4,,,
0.568,0.569,0,-10.054,1,0.0665,0.0227,2.51e-05,0.285,0.397,139.545,180925,4,,,
0.568,0.569,0,-10.054,1,0.0665,0.0227,2.51e-05,0.285,0.397,139.545,180925,4,,,
0.667,0.693,2,-7.526,1,0.335,0.714,0.0,0.107,0.938,84.667,81241,4,,,
0.667,0.693,2,-7.526,1,0.335,0.714,0.0,0.107,0.938,84.667,81241,4,,,
0.683,0.643,11,-8.837,0,0.155,0.0353,0.000206,0.159,0.338,163.941,196572,4,,,
0.683,0.643,11,-8.837,0,0.155,0.0353,0.000206,0.159,0.338,163.941,196572,4,,,
0.609,0.668,0,-6.352,1,0.0352,0.0432,6.68e-05,0.241,0.503,74.059,173514,4,,,
0.609,0.668,0,-6.352,1,0.0352,0.0432,6.68e-05,0.241,0.503,74.059,173514,4,,,
0.765,0.58,1,-7.582,1,0.471,0.177,0.0,0.162,0.785,63.576,220157,4,,,
0.765,0.58,1,-7.582,1,0.471,0.177,0.0,0.162,0.785,63.576,220157,4,,,
0.752,0.437,9,-7.594,1,0.0466,0.0691,0.00213,0.14,0.366,98.541,193914,4,,,
0.752,0.437,9,-7.594,1,0.0466,0.0691,0.00213,0.14,0.366,98.541,193914,4,,,
0.805,0.365,6,-12.469,1,0.407,0.602,0.0,0.714,0.764,94.971,268833,4,,,
0.805,0.365,6,-12.469,1,0.407,0.602,0.0,0.714,0.764,94.971,268833,4,,,
0.442,0.741,9,-5.338,0,0.182,0.156,0.0,0.411,0.342,103.425,261453,4,,,
0.442,0.741,9,-5.338,0,0.182,0.156,0.0,0.411,0.342,103.425,261453,4,,,
0.689,0.394,2,-10.102,0,0.065,0.711,0.000905,0.0859,0.382,117.489,212992,3,,,
0.689,0.394,2,-10.102,0,0.065,0.711,0.000905,0.0859,0.382,117.489,212992,3,,,
0.771,0.88,1,-7.022,1,0.0418,0.000148,1.46e-06,0.0968,0.545,120.0,348693,4,,,
0.771,0.88,1,-7.022,1,0.0418,0.000148,1.46e-06,0.0968,0.545,120.0,348693,4,,,
0.596,0.491,1,-9.554,0,0.16,0.396,9.07e-06,0.152,0.187,165.846,147360,4,0.0,0.744,0.256
0.596,0.491,1,-9.554,0,0.16,0.396,9.07e-06,0.152,0.187,165.846,147360,4,0.0,0.744,0.256
0.832,0.41,2,-11.449,1,0.4,0.22,0.0,0.0905,0.663,140.172,250098,4,,,
0.832,0.41,2,-11.449,1,0.4,0.22,0.0,0.0905,0.663,140.172,250098,4,,,
0.503,0.459,1,-10.401,0,0.285,0.568,0.0,0.0849,0.784,79.731,244770,4,,,
0.503,0.459,1,-10.401,0,0.285,0.568,0.0,0.0849,0.784,79.731,244770,4,,,
0.704,0.644,0,-5.543,1,0.102,0.0226,1.04e-06,0.122,0.273,160.058,216959,3,,,
0.704,0.644,0,-5.543,1,0.102,0.0226,1.04e-06,0.122,0.273,160.058,216959,3,,,
0.438,0.325,0,-9.206,1,0.0432,0.241,1.11e-06,0.0648,0.142,141.504,339190,4,0.13,0.745,0.125
0.438,0.325,0,-9.206,1,0.0432,0.241,1.11e-06,0.0648,0.142,141.504,339190,4,0.13,0.745,0.125
0.832,0.41,2,-11.449,1,0.4,0.22,0.0,0.0905,0.663,140.172,250098,4,,,
0.832,0.41,2,-11.449,1,0.4,0.22,0.0,0.0905,0.663,140.172,250098,4,,,
0.639,0.493,6,-9.363,1,0.0668,0.0187,5.38e-05,0.522,0.262,134.976,196000,4,,,
0.639,0.493,6,-9.363,1,0.0668,0.0187,5.38e-05,0.522,0.262,134.976,196000,4,,,
0.765,0.58,1,-7.582,1,0.471,0.177,0.0,0.162,0.785,63.576,220157,4,,,
0.765,0.58,1,-7.582,1,0.471,0.177,0.0,0.162,0.785,63.576,220157,4,,,
0.752,0.437,9,-7.594,1,0.0466,0.0691,0.00213,0.14,0.366,98.541,193914,4,,,
0.752,0.437,9,-7.594,1,0.0466,0.0691,0.00213,0.14,0.366,98.541,193914,4,,,
0.745,0.457,1,-9.619,1,0.0424,0.541,0.00856,0.106,0.382,124.021,319622,4,,,
0.745,0.457,1,-9.619,1,0.0424,0.541,0.00856,0.106,0.382,124.021,319622,4,,,
0.683,0.643,11,-8.837,0,0.155,0.0353,0.000206,0.159,0.338,163.941,196572,4,,,
0.683,0.643,11,-8.837,0,0.155,0.0353,0.000206,0.159,0.338,163.941,196572,4,,,
0.568,0.569,0,-10.054,1,0.0665,0.0227,2.51e-05,0.285,0.397,139.545,180925,4,,,
0.568,0.569,0,-10.054,1,0.0665,0.0227,2.51e-05,0.285,0.397,139.545,180925,4,,,
0.667,0.693,2,-7.526,1,0.335,0.714,0.0,0.107,0.938,84.667,81241,4,,,
0.667,0.693,2,-7.526,1,0.335,0.714,0.0,0.107,0.938,84.667,81241,4,,,
0.596,0.491,1,-9.554,0,0.16,0.396,9.07e-06,0.152,0.187,165.846,147360,4,0.0,0.744,0.256
0.596,0.491,1,-9.554,0,0.16,0.396,9.07e-06,0.152,0.187,165.846,147360,4,0.0,0.744,0.256
0.771,0.88,1,-7.022,1,0.0418,0.000148,1.46e-06,0.0968,0.545,120.0,348693,4,,,
0.771,0.88,1,-7.022,1,0.0418,0.000148,1.46e-06,0.0968,0.545,120.0,348693,4,,,
0.74,0.63,7,-7.955,0,0.175,0.162,4.3e-06,0.205,0.517,130.041,213603,4,,,
0.74,0.63,7,-7.955,0,0.175,0.162,4.3e-06,0.205,0.517,130.041,213603,4,,,
0.431,0.773,2,-5.002,1,0.0636,0.0264,0.0,0.348,0.504,111.387,270927,4,,,
0.431,0.773,2,-5.002,1,0.0636,0.0264,0.0,0.348,0.504,111.387,270927,4,,,
0.411,0.618,4,-4.964,0,0.0469,0.109,0.0,0.279,0.211,120.734,289309,4,,,
0.411,0.618,4,-4.964,0,0.0469,0.109,0.0,0.279,0.211,120.734,289309,4,,,
0.885,0.595,7,-5.487,1,0.286,0.656,4.42e-06,0.105,0.754,148.034,183760,4,,,
0.885,0.595,7,-5.487,1,0.286,0.656,4.42e-06,0.105,0.754,148.034,183760,4,,,
0.877,0.572,11,-8.001,0,0.304,0.559,0.0,0.093,0.793,135.988,164118,4,,,
0.877,0.572,11,-8.001,0,0.304,0.559,0.0,0.093,0.793,135.988,164118,4,,,
0.523,0.539,5,-9.642,1,0.564,0.704,1.19e-05,0.0952,0.415,84.266,469831,4,,,
0.523,0.539,5,-9.642,1,0.564,0.704,1.19e-05,0.0952,0.415,84.266,469831,4,,,
0.665,0.488,0,-4.711,0,0.327,0.391,0.000647,0.0952,0.549,151.582,149320,4,0.037,0.756,0.207
0.665,0.488,0,-4.711,0,0.327,0.391,0.000647,0.0952,0.549,151.582,149320,4,0.037,0.756,0.207
0.288,0.215,11,-13.12,1,0.0628,0.969,0.0181,0.0957,0.137,75.774,188557,5,,,
0.288,0.215,11,-13.12,1,0.0628,0.969,0.0181,0.0957,0.137,75.774,188557,5,,,
0.704,0.791,9,-4.776,1,0.175,0.859,0.0,0.225,0.543,98.026,197825,4,,,
0.704,0.791,9,-4.776,1,0.175,0.859,0.0,0.225,0.543,98.026,197825,4,,,
0.571,0.536,10,-10.317,0,0.057,0.27,0.0306,0.34,0.465,152.125,186000,4,0.0,0.76,0.24
0.571,0.536,10,-10.317,0,0.057,0.27,0.0306,0.34,0.465,152.125,186000,4,0.0,0.76,0.24
0.638,0.599,1,-4.868,1,0.0334,0.195,0.14,0.106,0.284,169.1,184269,4,,,
0.638,0.599,1,-4.868,1,0.0334,0.195,0.14,0.106,0.284,169.1,184269,4,,,
0.666,0.39,5,-8.575,1,0.0838,0.272,9.39e-06,0.111,0.325,113.866,209885,4,0.077,0.702,0.221
0.666,0.39,5,-8.575,1,0.0838,0.272,9.39e-06,0.111,0.325,113.866,209885,4,0.077,0.702,0.221
0.766,0.425,5,-11.033,0,0.379,0.442,0.000208,0.171,0.63,77.104,214500,4,,,
0.766,0.425,5,-11.033,0,0.379,0.442,0.000208,0.171,0.63,77.104,214500,4,,,
0.553,0.616,2,-6.08,1,0.32,0.907,0.0,0.0773,0.324,81.608,206415,4,,,
0.553,0.616,2,-6.08,1,0.32,0.907,0.0,0.0773,0.324,81.608,206415,4,,,
0.473,0.477,0,-8.078,0,0.249,0.224,0.0,0.265,0.678,183.722,203653,4,0.119,0.703,0.179
0.473,0.477,0,-8.078,0,0.249,0.224,0.0,0.265,0.678,183.722,203653,4,0.119,0.703,0.179
0.781,0.826,8,-3.088,0,0.0393,0.0219,0.0,0.378,0.78,102.977,209448,4,,,
0.781,0.826,8,-3.088,0,0.0393,0.0219,0.0,0.378,0.78,102.977,209448,4,,,
0.524,0.364,7,-10.209,1,0.0367,0.808,0.0,0.1,0.436,75.24,209831,4,0.051,0.667,0.282
0.524,0.364,7,-10.209,1,0.0367,0.808,0.0,0.1,0.436,75.24,209831,4,0.051,0.667,0.282
0.621,0.648,2,-8.465,1,0.25,0.0544,0.0,0.739,0.503,81.064,193187,4,,,
0.621,0.648,2,-8.465,1,0.25,0.0544,0.0,0.739,0.503,81.064,193187,4,,,
0.472,0.55,1,-7.58,1,0.261,0.559,0.000137,0.144,0.217,92.302,249351,5,0.038,0.89,0.072
0.472,0.55,1,-7.58,1,0.261,0.559,0.000137,0.144,0.217,92.302,249351,5,0.038,0.89,0.072
0.795,0.594,0,-6.2,1,0.0747,0.111,0.0,0.162,0.409,135.002,275080,4,0.129,0.641,0.23
0.795,0.594,0,-6.2,1,0.0747,0.111,0.0,0.162,0.409,135.002,275080,4,0.129,0.641,0.23
0.803,0.69,3,-5.89,1,0.269,0.0781,0.0,0.117,0.444,103.985,242200,4,,,
0.803,0.69,3,-5.89,1,0.269,0.0781,0.0,0.117,0.444,103.985,242200,4,,,
0.387,0.505,7,-8.579,1,0.247,0.259,0.000133,0.564,0.158,84.942,350912,4,0.092,0.732,0.176
0.387,0.505,7,-8.579,1,0.247,0.259,0.000133,0.564,0.158,84.942,350912,4,0.092,0.732,0.176
0.784,0.663,7,-5.088,1,0.0537,0.0428,0.0,0.0457,0.392,144.003,227254,4,,,
0.784,0.663,7,-5.088,1,0.0537,0.0428,0.0,0.0457,0.392,144.003,227254,4,,,
0.654,0.325,2,-11.925,1,0.282,0.74,2.14e-05,0.152,0.39,139.886,243238,4,,,
0.654,0.325,2,-11.925,1,0.282,0.74,2.14e-05,0.152,0.39,139.886,243238,4,,,
0.681,0.621,1,-10.024,1,0.34,0.036,0.00555,0.138,0.428,135.538,298027,4,,,
0.681,0.621,1,-10.024,1,0.34,0.036,0.00555,0.138,0.428,135.538,298027,4,,,
0.623,0.785,2,-6.479,1,0.247,0.37,0.00494,0.413,0.476,75.056,217440,4,0.019,0.906,0.075
0.623,0.785,2,-6.479,1,0.247,0.37,0.00494,0.413,0.476,75.056,217440,4,0.019,0.906,0.075
0.817,0.542,9,-10.07,0,0.263,0.0795,2.06e-05,0.302,0.481,115.009,292174,4,,,
0.817,0.542,9,-10.07,0,0.263,0.0795,2.06e-05,0.302,0.481,115.009,292174,4,,,
0.724,0.646,11,-6.071,0,0.256,0.306,0.0,0.126,0.47,100.006,163200,4,,,
0.724,0.646,11,-6.071,0,0.256,0.306,0.0,0.126,0.47,100.006,163200,4,,,
0.661,0.405,9,-9.319,0,0.263,0.575,0.0,0.108,0.427,148.019,265840,4,0.091,0.705,0.204
0.661,0.405,9,-9.319,0,0.263,0.575,0.0,0.108,0.427,148.019,265840,4,0.091,0.705,0.204
0.658,0.444,10,-12.058,0,0.222,0.561,0.0,0.244,0.705,149.83,168229,4,,,
0.658,0.444,10,-12.058,0,0.222,0.561,0.0,0.244,0.705,149.83,168229,4,,,
0.581,0.407,7,-9.451,0,0.0379,0.643,1.49e-06,0.139,0.292,94.935,224842,4,,,
0.581,0.407,7,-9.451,0,0.0379,0.643,1.49e-06,0.139,0.292,94.935,224842,4,,,
0.703,0.331,8,-9.72,1,0.514,0.445,0.0,0.322,0.18,80.118,259339,4,,,
0.703,0.331,8,-9.72,1,0.514,0.445,0.0,0.322,0.18,80.118,259339,4,,,
0.627,0.243,3,-7.075,1,0.0353,0.759,0.0,0.08,0.549,94.176,199149,4,,,
0.627,0.243,3,-7.075,1,0.0353,0.759,0.0,0.08,0.549,94.176,199149,4,,,
0.654,0.605,2,-9.031,1,0.136,0.377,0.0,0.0891,0.457,90.016,233227,4,,,
0.654,0.605,2,-9.031,1,0.136,0.377,0.0,0.0891,0.457,90.016,233227,4,,,
0.618,0.513,0,-6.58,0,0.13,0.196,0.0593,0.139,0.245,96.964,252329,4,0.1,0.677,0.223
0.618,0.513,0,-6.58,0,0.13,0.196,0.0593,0.139,0.245,96.964,252329,4,0.1,0.677,0.223
0.507,0.972,8,-2.723,1,0.087,0.0576,1.65e-05,0.14,0.797,120.076,201760,4,,,
0.507,0.972,8,-2.723,1,0.087,0.0576,1.65e-05,0.14,0.797,120.076,201760,4,,,
0.715,0.703,5,-3.825,1,0.0503,0.192,0.0,0.113,0.596,119.749,238320,4,0.094,0.71,0.196
0.715,0.703,5,-3.825,1,0.0503,0.192,0.0,0.113,0.596,119.749,238320,4,0.094,0.71,0.196
0.704,0.517,1,-7.581,1,0.04,0.00443,0.0199,0.108,0.305,145.95,180025,4,,,
0.704,0.517,1,-7.581,1,0.04,0.00443,0.0199,0.108,0.305,145.95,180025,4,,,
0.764,0.153,0,-12.392,1,0.0523,0.917,0.000134,0.118,0.24,84.249,198664,4,,,
0.764,0.153,0,-12.392,1,0.0523,0.917,0.000134,0.118,0.24,84.249,198664,4,,,
0.644,0.358,7,-13.502,1,0.237,0.746,2.83e-05,0.123,0.689,149.938,65787,4,,,
0.644,0.358,7,-13.502,1,0.237,0.746,2.83e-05,0.123,0.689,149.938,65787,4,,,
0.483,0.83,9,-5.953,1,0.0333,0.29,0.724,0.104,0.797,154.041,224642,4,,,
0.483,0.83,9,-5.953,1,0.0333,0.29,0.724,0.104,0.797,154.041,224642,4,,,
0.54,0.817,5,-4.844,1,0.0337,0.212,0.152,0.243,0.511,107.028,204673,4,,,
0.54,0.817,5,-4.844,1,0.0337,0.212,0.152,0.243,0.511,107.028,204673,4,,,
0.708,0.612,5,-6.379,0,0.122,0.0381,0.0,0.277,0.263,139.913,229013,4,0.08,0.766,0.154
0.708,0.612,5,-6.379,0,0.122,0.0381,0.0,0.277,0.263,139.913,229013,4,0.08,0.766,0.154
0.555,0.434,9,-13.79,0,0.333,0.528,0.0,0.102,0.125,100.516,116926,4,,,
0.555,0.434,9,-13.79,0,0.333,0.528,0.0,0.102,0.125,100.516,116926,4,,,
0.46,0.328,0,-12.415,0,0.292,0.817,1.23e-05,0.371,0.486,151.66,185093,5,,,
0.46,0.328,0,-12.415,0,0.292,0.817,1.23e-05,0.371,0.486,151.66,185093,5,,,
0.736,0.433,1,-13.486,1,0.192,0.0133,4.42e-05,0.0997,0.323,106.977,119510,4,,,
0.736,0.433,1,-13.486,1,0.192,0.0133,4.42e-05,0.0997,0.323,106.977,119510,4,,,
0.715,0.684,2,-8.138,1,0.549,0.152,0.0,0.473,0.767,89.963,130342,4,,,
0.715,0.684,2,-8.138,1,0.549,0.152,0.0,0.473,0.767,89.963,130342,4,,,
0.759,0.512,4,-9.694,1,0.0577,0.778,0.000192,0.111,0.274,130.042,307461,4,,,
0.759,0.512,4,-9.694,1,0.0577,0.778,0.000192,0.111,0.274,130.042,307461,4,,,
0.952,0.53,7,-6.891,1,0.0938,0.062,0.108,0.19,0.515,116.955,196232,4,,,
0.952,0.53,7,-6.891,1,0.0938,0.062,0.108,0.19,0.515,116.955,196232,4,,,
0.809,0.507,11,-7.226,1,0.0446,0.092,0.000569,0.129,0.364,109.973,216607,4,,,
0.809,0.507,11,-7.226,1,0.0446,0.092,0.000569,0.129,0.364,109.973,216607,4,,,
0.749,0.399,8,-7.526,1,0.0393,0.261,0.0126,0.0949,0.816,89.972,302001,4,,,
0.749,0.399,8,-7.526,1,0.0393,0.261,0.0126,0.0949,0.816,89.972,302001,4,,,
0.73,0.367,7,-11.665,1,0.0997,0.0702,1.68e-05,0.108,0.213,84.971,177882,4,,,
0.73,0.367,7,-11.665,1,0.0997,0.0702,1.68e-05,0.108,0.213,84.971,177882,4,,,
0.729,0.496,0,-10.196,1,0.0733,0.152,0.0531,0.115,0.559,81.052,219214,4,,,
0.729,0.496,0,-10.196,1,0.0733,0.152,0.0531,0.115,0.559,81.052,219214,4,,,
0.803,0.695,7,-7.768,1,0.0465,0.0668,0.0013,0.133,0.421,89.999,263941,4,,,
0.803,0.695,7,-7.768,1,0.0465,0.0668,0.0013,0.133,0.421,89.999,263941,4,,,
0.701,0.692,9,-7.526,0,0.0372,0.179,0.00999,0.0994,0.561,114.96,305467,4,,,
0.701,0.692,9,-7.526,0,0.0372,0.179,0.00999,0.0994,0.561,114.96,305467,4,,,
0.725,0.641,7,-6.135,0,0.0481,0.194,0.00498,0.091,0.786,87.732,218653,4,0.318,0.649,0.034
0.725,0.641,7,-6.135,0,0.0481,0.194,0.00498,0.091,0.786,87.732,218653,4,0.318,0.649,0.034
0.558,0.506,9,-9.875,1,0.216,0.859,0.123,0.266,0.448,173.25,189282,4,,,
0.558,0.506,9,-9.875,1,0.216,0.859,0.123,0.266,0.448,173.25,189282,4,,,
0.653,0.526,2,-8.504,1,0.0351,0.0148,0.276,0.174,0.395,85.019,285093,4,,,
0.653,0.526,2,-8.504,1,0.0351,0.0148,0.276,0.174,0.395,85.019,285093,4,,,
0.946,0.66,6,-7.497,0,0.148,0.0834,6.83e-05,0.0436,0.808,134.973,157524,4,,,
0.946,0.66,6,-7.497,0,0.148,0.0834,6.83e-05,0.0436,0.808,134.973,157524,4,,,
0.517,0.598,8,-10.251,0,0.1,0.275,0.000542,0.276,0.528,140.131,316045,4,,,
0.517,0.598,8,-10.251,0,0.1,0.275,0.000542,0.276,0.528,140.131,316045,4,,,
0.817,0.507,6,-7.77,0,0.127,0.0218,0.0,0.101,0.619,169.974,149107,4,,,
0.817,0.507,6,-7.77,0,0.127,0.0218,0.0,0.101,0.619,169.974,149107,4,,,
0.442,0.446,9,-11.354,0,0.786,0.278,0.0,0.308,0.295,51.539,161080,4,,,
0.442,0.446,9,-11.354,0,0.786,0.278,0.0,0.308,0.295,51.539,161080,4,,,
0.693,0.278,3,-11.715,0,0.114,0.79,0.0,0.366,0.862,85.076,108562,3,,,
0.693,0.278,3,-11.715,0,0.114,0.79,0.0,0.366,0.862,85.076,108562,3,,,
0.765,0.356,11,-5.556,0,0.196,0.222,0.0,0.0963,0.19,97.001,198293,4,0.127,0.738,0.134
0.765,0.356,11,-5.556,0,0.196,0.222,0.0,0.0963,0.19,97.001,198293,4,0.127,0.738,0.134
0.566,0.675,6,-8.904,1,0.0322,0.00714,0.00338,0.143,0.369,93.893,253787,4,,,
0.566,0.675,6,-8.904,1,0.0322,0.00714,0.00338,0.143,0.369,93.893,253787,4,,,
0.702,0.762,8,-2.733,1,0.0328,0.00196,0.000451,0.142,0.233,95.019,164200,4,0.121,0.695,0.184
0.702,0.762,8,-2.733,1,0.0328,0.00196,0.000451,0.142,0.233,95.019,164200,4,0.121,0.695,0.184
0.643,0.644,0,-4.61,1,0.029,0.0142,0.0897,0.215,0.659,86.974,115931,4,,,
0.643,0.644,0,-4.61,1,0.029,0.0142,0.0897,0.215,0.659,86.974,115931,4,,,
0.772,0.84,2,-4.48,1,0.103,0.0218,0.0,0.288,0.613,129.928,192459,4,0.099,0.698,0.204
0.772,0.84,2,-4.48,1,0.103,0.0218,0.0,0.288,0.613,129.928,192459,4,0.099,0.698,0.204
0.787,0.454,10,-5.68,0,0.0301,0.111,0.000481,0.0998,0.425,80.009,181507,4,,,
0.787,0.454,10,-5.68,0,0.0301,0.111,0.000481,0.0998,0.425,80.009,181507,4,,,
0.722,0.586,8,-10.339,1,0.0766,0.0166,0.331,0.396,0.594,154.012,224353,4,,,
0.722,0.586,8,-10.339,1,0.0766,0.0166,0.331,0.396,0.594,154.012,224353,4,,,
0.915,0.54,7,-6.578,1,0.0661,0.445,3.63e-05,0.11,0.111,100.039,183159,4,0.111,0.733,0.155
0.915,0.54,7,-6.578,1,0.0661,0.445,3.63e-05,0.11,0.111,100.039,183159,4,0.111,0.733,0.155
0.685,0.61,2,-9.294,1,0.487,0.235,0.0,0.164,0.777,127.932,213333,4,,,
0.685,0.61,2,-9.294,1,0.487,0.235,0.0,0.164,0.777,127.932,213333,4,,,
0.655,0.739,10,-6.872,0,0.351,0.911,0.0,0.13,0.774,80.538,72298,4,,,
0.655,0.739,10,-6.872,0,0.351,0.911,0.0,0.13,0.774,80.538,72298,4,,,
0.627,0.837,1,-7.162,1,0.36,0.058,0.000567,0.328,0.504,105.105,184571,4,,,
0.627,0.837,1,-7.162,1,0.36,0.058,0.000567,0.328,0.504,105.105,184571,4,,,
0.836,0.67,5,-6.907,0,0.23,0.00826,0.000355,0.0837,0.556,107.018,305350,4,0.135,0.628,0.237
0.836,0.67,5,-6.907,0,0.23,0.00826,0.000355,0.0837,0.556,107.018,305350,4,0.135,0.628,0.237
0.759,0.245,6,-6.545,1,0.138,0.515,0.000154,0.102,0.209,96.992,237507,4,,,
0.759,0.245,6,-6.545,1,0.138,0.515,0.000154,0.102,0.209,96.992,237507,4,,,
0.303,0.662,1,-6.799,1,0.211,0.145,2.88e-05,0.0916,0.486,171.509,218438,5,,,
0.303,0.662,1,-6.799,1,0.211,0.145,2.88e-05,0.0916,0.486,171.509,218438,5,,,
0.447,0.497,7,-9.913,1,0.031,0.00181,0.000559,0.118,0.418,140.076,266098,4,,,
0.447,0.497,7,-9.913,1,0.031,0.00181,0.000559,0.118,0.418,140.076,266098,4,,,
0.558,0.827,9,-6.595,0,0.14,0.0822,0.000175,0.319,0.156,150.156,205984,4,,,
0.558,0.827,9,-6.595,0,0.14,0.0822,0.000175,0.319,0.156,150.156,205984,4,,,
0.639,0.778,2,-6.004,1,0.194,0.108,1.12e-06,0.108,0.808,128.014,236160,4,0.042,0.792,0.166
0.639,0.778,2,-6.004,1,0.194,0.108,1.12e-06,0.108,0.808,128.014,236160,4,0.042,0.792,0.166
0.622,0.446,9,-9.647,0,0.22,0.318,0.0135,0.0904,0.168,68.85,215045,4,,,
0.622,0.446,9,-9.647,0,0.22,0.318,0.0135,0.0904,0.168,68.85,215045,4,,,
0.523,0.687,4,-5.066,1,0.375,0.62,0.0,0.139,0.562,78.509,215667,4,,,
0.523,0.687,4,-5.066,1,0.375,0.62,0.0,0.139,0.562,78.509,215667,4,,,
0.72,0.53,5,-7.19,0,0.245,0.00366,0.000171,0.126,0.161,97.994,237758,3,,,
0.72,0.53,5,-7.19,0,0.245,0.00366,0.000171,0.126,0.161,97.994,237758,3,,,
0.939,0.724,5,-7.487,0,0.142,0.0342,7.08e-05,0.595,0.814,125.036,175440,4,,,
0.939,0.724,5,-7.487,0,0.142,0.0342,7.08e-05,0.595,0.814,125.036,175440,4,,,
0.623,0.471,7,-6.245,1,0.0315,0.365,0.00343,0.117,0.393,110.027,206406,4,0.074,0.917,0.009
0.623,0.471,7,-6.245,1,0.0315,0.365,0.00343,0.117,0.393,110.027,206406,4,0.074,0.917,0.009
0.313,0.478,2,-8.497,1,0.0384,0.822,8.33e-06,0.144,0.427,71.074,211013,4,,,
0.313,0.478,2,-8.497,1,0.0384,0.822,8.33e-06,0.144,0.427,71.074,211013,4,,,
0.743,0.624,6,-7.403,0,0.0484,0.335,0.0,0.469,0.713,126.056,276960,4,0.018,0.876,0.107
0.743,0.624,6,-7.403,0,0.0484,0.335,0.0,0.469,0.713,126.056,276960,4,0.018,0.876,0.107
0.679,0.513,0,-10.326,1,0.0764,0.153,0.082,0.102,0.622,75.969,214554,4,0.076,0.78,0.145
0.679,0.513,0,-10.326,1,0.0764,0.153,0.082,0.102,0.622,75.969,214554,4,0.076,0.78,0.145
0.567,0.388,9,-9.579,0,0.0384,0.782,0.000309,0.248,0.452,116.362,249191,4,0.071,0.72,0.209
0.567,0.388,9,-9.579,0,0.0384,0.782,0.000309,0.248,0.452,116.362,249191,4,0.071,0.72,0.209
0.46,0.593,8,-7.393,1,0.0363,0.0157,0.000243,0.159,0.0999,104.932,183276,4,0.0,0.618,0.382
0.46,0.593,8,-7.393,1,0.0363,0.0157,0.000243,0.159,0.0999,104.932,183276,4,0.0,0.618,0.382
0.675,0.595,7,-7.033,1,0.284,0.168,3.36e-06,0.136,0.491,185.998,230453,4,0.152,0.779,0.068
0.675,0.595,7,-7.033,1,0.284,0.168,3.36e-06,0.136,0.491,185.998,230453,4,0.152,0.779,0.068
0.53,0.433,6,-10.598,1,0.185,0.108,0.0,0.135,0.274,160.14,194613,4,0.087,0.778,0.135
0.53,0.433,6,-10.598,1,0.185,0.108,0.0,0.135,0.274,160.14,194613,4,0.087,0.778,0.135
0.881,0.889,11,-5.401,1,0.0944,0.0423,1.32e-06,0.108,0.492,106.054,237733,4,0.105,0.848,0.047
0.881,0.889,11,-5.401,1,0.0944,0.0423,1.32e-06,0.108,0.492,106.054,237733,4,0.105,0.848,0.047
0.658,0.499,6,-8.906,1,0.116,0.161,0.0,0.118,0.633,109.893,204290,5,,,
0.658,0.499,6,-8.906,1,0.116,0.161,0.0,0.118,0.633,109.893,204290,5,,,
0.745,0.668,1,-8.682,1,0.287,0.703,0.000127,0.0907,0.338,127.837,138960,4,,,
0.745,0.668,1,-8.682,1,0.287,0.703,0.000127,0.0907,0.338,127.837,138960,4,,,
0.929,0.572,6,-6.928,0,0.0506,0.017,0.00353,0.122,0.288,128.014,237231,4,,,
0.929,0.572,6,-6.928,0,0.0506,0.017,0.00353,0.122,0.288,128.014,237231,4,,,
0.59,0.354,4,-9.498,1,0.285,0.74,0.0,0.0735,0.26,136.675,182145,4,,,
0.59,0.354,4,-9.498,1,0.285,0.74,0.0,0.0735,0.26,136.675,182145,4,,,
0.753,0.524,7,-11.181,1,0.0697,0.00748,0.425,0.494,0.47,115.977,196365,4,,,
0.753,0.524,7,-11.181,1,0.0697,0.00748,0.425,0.494,0.47,115.977,196365,4,,,
0.729,0.432,11,-7.283,0,0.0614,0.374,2.53e-05,0.083,0.623,60.05,195120,4,,,
0.729,0.432,11,-7.283,0,0.0614,0.374,2.53e-05,0.083,0.623,60.05,195120,4,,,
0.559,0.71,11,-6.56,1,0.5,0.76,0.0,0.104,0.533,140.595,240769,4,,,
0.559,0.71,11,-6.56,1,0.5,0.76,0.0,0.104,0.533,140.595,240769,4,,,
0.581,0.467,1,-9.912,1,0.416,0.767,0.0,0.108,0.735,139.493,207981,4,,,
0.581,0.467,1,-9.912,1,0.416,0.767,0.0,0.108,0.735,139.493,207981,4,,,
0.929,0.572,6,-6.928,0,0.0506,0.017,0.00353,0.122,0.288,128.014,237231,4,,,
0.929,0.572,6,-6.928,0,0.0506,0.017,0.00353,0.122,0.288,128.014,237231,4,,,
0.658,0.499,6,-8.906,1,0.116,0.161,0.0,0.118,0.633,109.893,204290,5,,,
0.658,0.499,6,-8.906,1,0.116,0.161,0.0,0.118,0.633,109.893,204290,5,,,
0.745,0.668,1,-8.682,1,0.287,0.703,0.000127,0.0907,0.338,127.837,138960,4,,,
0.745,0.668,1,-8.682,1,0.287,0.703,0.000127,0.0907,0.338,127.837,138960,4,,,
0.53,0.433,6,-10.598,1,0.185,0.108,0.0,0.135,0.274,160.14,194613,4,0.087,0.778,0.135
0.53,0.433,6,-10.598,1,0.185,0.108,0.0,0.135,0.274,160.14,194613,4,0.087,0.778,0.135
0.675,0.595,7,-7.033,1,0.284,0.168,3.36e-06,0.136,0.491,185.998,230453,4,0.152,0.779,0.068
0.675,0.595,7,-7.033,1,0.284,0.168,3.36e-06,0.136,0.491,185.998,230453,4,0.152,0.779,0.068
0.939,0.724,5,-7.487,0,0.142,0.0342,7.08e-05,0.595,0.814,125.036,175440,4,,,
0.939,0.724,5,-7.487,0,0.142,0.0342,7.08e-05,0.595,0.814,125.036,175440,4,,,
0.732,0.504,4,-10.276,0,0.072,0.0158,0.031,0.166,0.477,130.084,201446,4,,,
0.732,0.504,4,-10.276,0,0.072,0.0158,0.031,0.166,0.477,130.084,201446,4,,,
0.654,0.605,2,-9.031,1,0.136,0.377,0.0,0.0891,0.457,90.016,233227,4,,,
0.654,0.605,2,-9.031,1,0.136,0.377,0.0,0.0891,0.457,90.016,233227,4,,,
0.703,0.331,8,-9.72,1,0.514,0.445,0.0,0.322,0.18,80.118,259339,4,,,
0.703,0.331,8,-9.72,1,0.514,0.445,0.0,0.322,0.18,80.118,259339,4,,,
0.581,0.407,7,-9.451,0,0.0379,0.643,1.49e-06,0.139,0.292,94.935,224842,4,,,
0.581,0.407,7,-9.451,0,0.0379,0.643,1.49e-06,0.139,0.292,94.935,224842,4,,,
0.658,0.444,10,-12.058,0,0.222,0.561,0.0,0.244,0.705,149.83,168229,4,,,
0.658,0.444,10,-12.058,0,0.222,0.561,0.0,0.244,0.705,149.83,168229,4,,,
0.639,0.778,2,-6.004,1,0.194,0.108,1.12e-06,0.108,0.808,128.014,236160,4,0.042,0.792,0.166
0.639,0.778,2,-6.004,1,0.194,0.108,1.12e-06,0.108,0.808,128.014,236160,4,0.042,0.792,0.166
0.881,0.889,11,-5.401,1,0.0944,0.0423,1.32e-06,0.108,0.492,106.054,237733,4,0.105,0.848,0.047
0.881,0.889,11,-5.401,1,0.0944,0.0423,1.32e-06,0.108,0.492,106.054,237733,4,0.105,0.848,0.047
0.577,0.576,2,-6.299,1,0.0563,0.0143,0.0,0.602,0.12,133.973,234040,4,0.026,0.774,0.2
0.577,0.576,2,-6.299,1,0.0563,0.0143,0.0,0.602,0.12,133.973,234040,4,0.026,0.774,0.2
0.706,0.568,11,-9.797,0,0.0596,0.063,0.00138,0.119,0.554,134.014,249269,4,0.007,0.872,0.121
0.706,0.568,11,-9.797,0,0.0596,0.063,0.00138,0.119,0.554,134.014,249269,4,0.007,0.872,0.121
0.807,0.513,7,-7.752,0,0.0513,0.736,0.0,0.114,0.744,129.951,193518,4,,,
0.807,0.513,7,-7.752,0,0.0513,0.736,0.0,0.114,0.744,129.951,193518,4,,,
0.721,0.77,2,-6.451,0,0.0608,0.338,6.39e-06,0.0824,0.72,89.995,231468,4,,,
0.721,0.77,2,-6.451,0,0.0608,0.338,6.39e-06,0.0824,0.72,89.995,231468,4,,,
0.413,0.262,4,-12.307,0,0.0434,0.419,1.1e-06,0.228,0.238,120.479,217000,4,,,
0.413,0.262,4,-12.307,0,0.0434,0.419,1.1e-06,0.228,0.238,120.479,217000,4,,,
0.706,0.568,11,-9.797,0,0.0596,0.063,0.00138,0.119,0.554,134.014,249269,4,0.007,0.872,0.121
0.706,0.568,11,-9.797,0,0.0596,0.063,0.00138,0.119,0.554,134.014,249269,4,0.007,0.872,0.121
0.899,0.348,8,-9.672,0,0.15,0.134,0.0,0.0791,0.675,110.683,188000,4,,,
0.899,0.348,8,-9.672,0,0.15,0.134,0.0,0.0791,0.675,110.683,188000,4,,,
0.693,0.632,0,-7.578,1,0.338,0.697,1.16e-06,0.0627,0.799,176.218,305478,4,,,
0.693,0.632,0,-7.578,1,0.338,0.697,1.16e-06,0.0627,0.799,176.218,305478,4,,,
0.729,0.432,11,-7.283,0,0.0614,0.374,2.53e-05,0.083,0.623,60.05,195120,4,,,
0.729,0.432,11,-7.283,0,0.0614,0.374,2.53e-05,0.083,0.623,60.05,195120,4,,,
0.431,0.669,2,-10.065,1,0.035,0.0252,0.0433,0.117,0.855,203.906,172941,4,,,
0.431,0.669,2,-10.065,1,0.035,0.0252,0.0433,0.117,0.855,203.906,172941,4,,,
0.561,0.707,0,-7.774,1,0.0367,0.0788,0.00916,0.226,0.422,132.048,241530,4,,,
0.561,0.707,0,-7.774,1,0.0367,0.0788,0.00916,0.226,0.422,132.048,241530,4,,,
0.422,0.812,9,-7.025,0,0.176,0.446,0.000269,0.373,0.657,118.003,180638,4,,,
0.422,0.812,9,-7.025,0,0.176,0.446,0.000269,0.373,0.657,118.003,180638,4,,,
0.72,0.569,0,-6.044,1,0.0701,0.53,0.0,0.0657,0.573,150.064,232707,4,0.028,0.828,0.144
0.72,0.569,0,-6.044,1,0.0701,0.53,0.0,0.0657,0.573,150.064,232707,4,0.028,0.828,0.144
0.863,0.508,2,-11.392,1,0.127,0.0205,0.832,0.313,0.687,128.117,285241,4,,,
0.863,0.508,2,-11.392,1,0.127,0.0205,0.832,0.313,0.687,128.117,285241,4,,,
0.772,0.697,10,-9.168,0,0.0633,0.302,0.0,0.162,0.846,92.987,240617,4,,,
0.772,0.697,10,-9.168,0,0.0633,0.302,0.0,0.162,0.846,92.987,240617,4,,,
0.581,0.54,8,-10.955,0,0.0502,0.227,0.114,0.107,0.0917,85.015,290824,4,,,
0.581,0.54,8,-10.955,0,0.0502,0.227,0.114,0.107,0.0917,85.015,290824,4,,,
0.978,0.382,9,-5.079,1,0.164,0.0707,0.000483,0.0968,0.803,120.045,151500,4,,,
0.978,0.382,9,-5.079,1,0.164,0.0707,0.000483,0.0968,0.803,120.045,151500,4,,,
0.673,0.73,9,-5.137,0,0.203,0.0607,0.0374,0.149,0.727,92.179,107611,4,,,
0.673,0.73,9,-5.137,0,0.203,0.0607,0.0374,0.149,0.727,92.179,107611,4,,,
0.717,0.347,11,-10.265,0,0.0636,0.0511,2.43e-06,0.087,0.0589,84.987,235477,4,0.041,0.911,0.048
0.717,0.347,11,-10.265,0,0.0636,0.0511,2.43e-06,0.087,0.0589,84.987,235477,4,0.041,0.911,0.048
0.786,0.327,0,-13.869,1,0.384,0.775,0.00113,0.162,0.458,116.897,164103,4,,,
0.786,0.327,0,-13.869,1,0.384,0.775,0.00113,0.162,0.458,116.897,164103,4,,,
0.509,0.59,7,-6.523,1,0.114,0.757,0.0,0.152,0.443,160.25,234023,3,,,
0.509,0.59,7,-6.523,1,0.114,0.757,0.0,0.152,0.443,160.25,234023,3,,,
0.52,0.53,0,-8.186,1,0.108,0.407,0.0,0.673,0.509,109.864,187636,4,,,
0.52,0.53,0,-8.186,1,0.108,0.407,0.0,0.673,0.509,109.864,187636,4,,,
0.654,0.512,4,-9.882,1,0.0357,0.534,4.22e-06,0.214,0.5,112.037,174750,4,,,
0.654,0.512,4,-9.882,1,0.0357,0.534,4.22e-06,0.214,0.5,112.037,174750,4,,,
0.772,0.256,7,-8.545,0,0.0481,0.491,0.00612,0.144,0.357,118.902,210240,3,0.083,0.884,0.033
0.772,0.256,7,-8.545,0,0.0481,0.491,0.00612,0.144,0.357,118.902,210240,3,0.083,0.884,0.033
0.575,0.714,6,-5.247,1,0.0596,0.395,0.0,0.115,0.32,144.982,262231,4,,,
0.575,0.714,6,-5.247,1,0.0596,0.395,0.0,0.115,0.32,144.982,262231,4,,,
0.384,0.765,6,-4.463,1,0.0579,0.646,0.00352,0.522,0.567,129.903,252231,4,,,
0.384,0.765,6,-4.463,1,0.0579,0.646,0.00352,0.522,0.567,129.903,252231,4,,,
0.756,0.609,3,-7.927,1,0.0544,0.217,0.00474,0.096,0.537,117.023,155720,4,,,
0.756,0.609,3,-7.927,1,0.0544,0.217,0.00474,0.096,0.537,117.023,155720,4,,,
0.6,0.819,7,-6.377,1,0.224,0.119,0.136,0.118,0.703,79.458,254049,4,,,
0.6,0.819,7,-6.377,1,0.224,0.119,0.136,0.118,0.703,79.458,254049,4,,,
0.68,0.747,4,-6.056,0,0.091,0.353,0.0,0.138,0.331,113.933,218947,4,,,
0.68,0.747,4,-6.056,0,0.091,0.353,0.0,0.138,0.331,113.933,218947,4,,,
0.456,0.135,0,-14.595,0,0.037,0.906,0.226,0.0998,0.287,128.282,292828,4,,,
0.456,0.135,0,-14.595,0,0.037,0.906,0.226,0.0998,0.287,128.282,292828,4,,,
0.511,0.891,4,-4.44,1,0.095,0.0124,0.0,0.0912,0.536,158.99,298520,4,,,
0.511,0.891,4,-4.44,1,0.095,0.0124,0.0,0.0912,0.536,158.99,298520,4,,,
0.505,0.458,7,-7.87,1,0.0392,0.217,0.0,0.116,0.17,123.922,301773,4,,,
0.505,0.458,7,-7.87,1,0.0392,0.217,0.0,0.116,0.17,123.922,301773,4,,,
0.405,0.505,5,-7.75,1,0.0458,0.592,0.0,0.121,0.318,164.971,262600,4,,,
0.405,0.505,5,-7.75,1,0.0458,0.592,0.0,0.121,0.318,164.971,262600,4,,,
0.81,0.389,1,-8.62,0,0.0451,0.845,0.858,0.343,0.124,119.984,280569,4,,,
0.81,0.389,1,-8.62,0,0.0451,0.845,0.858,0.343,0.124,119.984,280569,4,,,
0.783,0.479,0,-13.177,1,0.0528,0.687,0.385,0.0876,0.316,95.99,239975,4,,,
0.783,0.479,0,-13.177,1,0.0528,0.687,0.385,0.0876,0.316,95.99,239975,4,,,
0.226,0.491,9,-7.978,1,0.0304,0.0279,0.00634,0.0587,0.297,90.448,243000,4,,,
0.226,0.491,9,-7.978,1,0.0304,0.0279,0.00634,0.0587,0.297,90.448,243000,4,,,
0.361,0.595,11,-10.566,1,0.0342,0.347,0.000756,0.25,0.359,157.949,154224,4,,,
0.361,0.595,11,-10.566,1,0.0342,0.347,0.000756,0.25,0.359,157.949,154224,4,,,
0.657,0.732,4,-5.961,1,0.0402,0.144,0.00112,0.241,0.844,125.99,145238,5,,,
0.657,0.732,4,-5.961,1,0.0402,0.144,0.00112,0.241,0.844,125.99,145238,5,,,
0.692,0.617,7,-8.191,1,0.0343,0.29,0.000243,0.0762,0.709,125.983,180000,4,,,
0.692,0.617,7,-8.191,1,0.0343,0.29,0.000243,0.0762,0.709,125.983,180000,4,,,
0.76,0.544,0,-10.184,1,0.0323,0.00517,0.0151,0.176,0.919,107.976,168281,4,,,
0.76,0.544,0,-10.184,1,0.0323,0.00517,0.0151,0.176,0.919,107.976,168281,4,,,
0.548,0.608,6,-8.953,1,0.0765,0.362,0.0,0.183,0.359,147.766,263802,4,,,
0.548,0.608,6,-8.953,1,0.0765,0.362,0.0,0.183,0.359,147.766,263802,4,,,
0.715,0.719,5,-5.678,0,0.105,0.724,0.0,0.169,0.6,137.988,184000,4,,,
0.715,0.719,5,-5.678,0,0.105,0.724,0.0,0.169,0.6,137.988,184000,4,,,
0.837,0.563,5,-8.854,0,0.0447,0.525,0.00164,0.109,0.54,115.381,185725,4,,,
0.837,0.563,5,-8.854,0,0.0447,0.525,0.00164,0.109,0.54,115.381,185725,4,,,
0.603,0.427,6,-10.792,0,0.493,0.157,0.0,0.105,0.739,175.693,178034,4,,,
0.603,0.427,6,-10.792,0,0.493,0.157,0.0,0.105,0.739,175.693,178034,4,,,
0.617,0.675,9,-4.898,1,0.0241,0.619,0.884,0.38,0.335,110.066,196441,4,,,
0.617,0.675,9,-4.898,1,0.0241,0.619,0.884,0.38,0.335,110.066,196441,4,,,
0.528,0.804,0,-4.563,1,0.116,0.555,9.29e-06,0.154,0.675,142.698,128351,4,,,
0.528,0.804,0,-4.563,1,0.116,0.555,9.29e-06,0.154,0.675,142.698,128351,4,,,
0.708,0.732,2,-7.569,1,0.0761,0.0845,0.0554,0.152,0.486,94.998,156968,4,,,
0.708,0.732,2,-7.569,1,0.0761,0.0845,0.0554,0.152,0.486,94.998,156968,4,,,
0.65,0.639,7,-8.348,1,0.512,0.737,0.0,0.294,0.789,83.148,120346,4,,,
0.65,0.639,7,-8.348,1,0.512,0.737,0.0,0.294,0.789,83.148,120346,4,,,
0.792,0.601,11,-7.589,0,0.311,0.336,0.0,0.0964,0.496,100.04,62400,4,,,
0.792,0.601,11,-7.589,0,0.311,0.336,0.0,0.0964,0.496,100.04,62400,4,,,
0.691,0.798,1,-5.836,1,0.375,0.122,0.0,0.155,0.699,87.166,99962,4,,,
0.691,0.798,1,-5.836,1,0.375,0.122,0.0,0.155,0.699,87.166,99962,4,,,
0.658,0.629,5,-7.837,1,0.0276,0.885,0.909,0.152,0.625,132.986,115566,4,,,
0.658,0.629,5,-7.837,1,0.0276,0.885,0.909,0.152,0.625,132.986,115566,4,,,
0.611,0.871,11,-3.739,1,0.028,0.725,0.846,0.232,0.245,129.045,241859,4,,,
0.611,0.871,11,-3.739,1,0.028,0.725,0.846,0.232,0.245,129.045,241859,4,,,
0.464,0.378,2,-11.354,0,0.143,0.416,0.0917,0.0966,0.037,164.486,176804,5,0.109,0.688,0.203
0.464,0.378,2,-11.354,0,0.143,0.416,0.0917,0.0966,0.037,164.486,176804,5,0.109,0.688,0.203
0.562,0.752,0,-5.034,0,0.299,0.757,1.31e-05,0.213,0.781,79.612,161447,4,,,
0.562,0.752,0,-5.034,0,0.299,0.757,1.31e-05,0.213,0.781,79.612,161447,4,,,
0.35,0.48,10,-8.74,1,0.0822,0.758,0.525,0.151,0.741,119.188,243069,4,,,
0.35,0.48,10,-8.74,1,0.0822,0.758,0.525,0.151,0.741,119.188,243069,4,,,
0.375,0.474,8,-7.856,0,0.0308,0.736,9.75e-05,0.287,0.392,101.976,282671,4,,,
0.375,0.474,8,-7.856,0,0.0308,0.736,9.75e-05,0.287,0.392,101.976,282671,4,,,
0.741,0.5,10,-8.975,1,0.0453,0.778,0.646,0.113,0.0468,90.001,195567,4,,,
0.741,0.5,10,-8.975,1,0.0453,0.778,0.646,0.113,0.0468,90.001,195567,4,,,
0.659,0.716,2,-4.979,1,0.115,0.0166,1.12e-05,0.331,0.207,139.995,223493,4,,,
0.659,0.716,2,-4.979,1,0.115,0.0166,1.12e-05,0.331,0.207,139.995,223493,4,,,
0.768,0.372,4,-8.549,0,0.125,0.103,0.0324,0.139,0.268,148.529,190984,4,,,
0.768,0.372,4,-8.549,0,0.125,0.103,0.0324,0.139,0.268,148.529,190984,4,,,
0.728,0.461,6,-11.276,0,0.0366,0.00438,0.0809,0.138,0.434,134.0,215513,4,,,
0.728,0.461,6,-11.276,0,0.0366,0.00438,0.0809,0.138,0.434,134.0,215513,4,,,
0.396,0.138,7,-14.484,0,0.0326,0.954,0.772,0.162,0.106,70.208,286600,4,,,
0.396,0.138,7,-14.484,0,0.0326,0.954,0.772,0.162,0.106,70.208,286600,4,,,
0.352,0.0351,1,-22.254,1,0.0347,0.975,0.607,0.193,0.21,56.16,323600,4,,,
0.352,0.0351,1,-22.254,1,0.0347,0.975,0.607,0.193,0.21,56.16,323600,4,,,
0.892,0.559,11,-7.276,0,0.227,0.0246,4.3e-06,0.133,0.698,141.923,136901,4,,,
0.892,0.559,11,-7.276,0,0.227,0.0246,4.3e-06,0.133,0.698,141.923,136901,4,,,
0.86,0.332,1,-10.263,1,0.22,0.807,0.0,0.106,0.26,140.949,115000,4,,,
0.86,0.332,1,-10.263,1,0.22,0.807,0.0,0.106,0.26,140.949,115000,4,,,
0.793,0.315,1,-7.457,1,0.0825,0.143,0.0142,0.113,0.541,118.824,171371,4,,,
0.793,0.315,1,-7.457,1,0.0825,0.143,0.0142,0.113,0.541,118.824,171371,4,,,
0.209,0.0204,5,-30.566,1,0.0485,0.979,0.397,0.111,0.0386,100.381,434027,4,,,
0.209,0.0204,5,-30.566,1,0.0485,0.979,0.397,0.111,0.0386,100.381,434027,4,,,
0.387,0.101,5,-21.699,0,0.0349,0.993,0.863,0.106,0.061,67.645,211438,3,,,
0.387,0.101,5,-21.699,0,0.0349,0.993,0.863,0.106,0.061,67.645,211438,3,,,
0.169,0.0496,1,-26.317,1,0.0408,0.987,0.921,0.0913,0.0372,89.143,319320,4,,,
0.169,0.0496,1,-26.317,1,0.0408,0.987,0.921,0.0913,0.0372,89.143,319320,4,,,
0.546,0.669,2,-10.806,1,0.103,0.495,0.735,0.25,0.337,75.144,180846,4,,,
0.546,0.669,2,-10.806,1,0.103,0.495,0.735,0.25,0.337,75.144,180846,4,,,
0.576,0.283,2,-13.004,1,0.039,0.897,0.892,0.0841,0.252,119.277,208452,4,,,
0.576,0.283,2,-13.004,1,0.039,0.897,0.892,0.0841,0.252,119.277,208452,4,,,
0.582,0.676,10,-8.502,0,0.0784,0.0388,0.0,0.0807,0.579,95.994,207500,4,,,
0.582,0.676,10,-8.502,0,0.0784,0.0388,0.0,0.0807,0.579,95.994,207500,4,,,
0.833,0.267,1,-12.891,0,0.142,0.0762,0.542,0.549,0.262,77.499,201290,4,,,
0.833,0.267,1,-12.891,0,0.142,0.0762,0.542,0.549,0.262,77.499,201290,4,,,
0.711,0.662,10,-5.947,0,0.175,0.42,0.0,0.0723,0.755,130.037,181510,4,,,
0.711,0.662,10,-5.947,0,0.175,0.42,0.0,0.0723,0.755,130.037,181510,4,,,
0.599,0.655,11,-7.563,0,0.0802,0.32,2.53e-05,0.318,0.536,135.888,315209,4,,,
0.599,0.655,11,-7.563,0,0.0802,0.32,2.53e-05,0.318,0.536,135.888,315209,4,,,
0.741,0.722,10,-7.752,1,0.32,0.205,0.000232,0.109,0.165,132.915,223903,4,,,
0.741,0.722,10,-7.752,1,0.32,0.205,0.000232,0.109,0.165,132.915,223903,4,,,
0.677,0.707,1,-7.769,0,0.0635,0.125,0.104,0.0986,0.241,82.504,262474,4,0.045,0.758,0.196
0.677,0.707,1,-7.769,0,0.0635,0.125,0.104,0.0986,0.241,82.504,262474,4,0.045,0.758,0.196
0.511,0.794,1,-3.854,0,0.268,0.246,0.0,0.161,0.625,119.791,164165,5,,,
0.511,0.794,1,-3.854,0,0.268,0.246,0.0,0.161,0.625,119.791,164165,5,,,
0.641,0.626,5,-7.286,1,0.029,0.334,0.632,0.169,0.444,95.994,267337,4,,,
0.641,0.626,5,-7.286,1,0.029,0.334,0.632,0.169,0.444,95.994,267337,4,,,
0.708,0.734,11,-8.619,0,0.0951,0.0401,0.000327,0.124,0.425,114.952,149507,4,,,
0.708,0.734,11,-8.619,0,0.0951,0.0401,0.000327,0.124,0.425,114.952,149507,4,,,
0.432,0.419,5,-9.831,1,0.0462,0.0118,6.02e-06,0.109,0.121,125.987,180279,4,,,
0.432,0.419,5,-9.831,1,0.0462,0.0118,6.02e-06,0.109,0.121,125.987,180279,4,,,
0.786,0.515,11,-11.311,0,0.041,8.75e-05,0.799,0.109,0.112,110.007,233617,4,,,
0.786,0.515,11,-11.311,0,0.041,8.75e-05,0.799,0.109,0.112,110.007,233617,4,,,
0.374,0.082,1,-11.402,0,0.0412,0.612,0.202,0.111,0.037,91.428,247731,1,,,
0.374,0.082,1,-11.402,0,0.0412,0.612,0.202,0.111,0.037,91.428,247731,1,,,
0.642,0.262,6,-13.476,0,0.0743,0.184,0.00472,0.197,0.185,93.496,257724,4,,,
0.642,0.262,6,-13.476,0,0.0743,0.184,0.00472,0.197,0.185,93.496,257724,4,,,
0.662,0.41,1,-9.169,0,0.0678,0.552,1.14e-05,0.185,0.332,147.918,333250,4,0.015,0.9,0.085
0.662,0.41,1,-9.169,0,0.0678,0.552,1.14e-05,0.185,0.332,147.918,333250,4,0.015,0.9,0.085
0.767,0.512,6,-6.777,1,0.0591,0.893,0.000223,0.103,0.489,123.921,207107,4,0.074,0.806,0.121
0.767,0.512,6,-6.777,1,0.0591,0.893,0.000223,0.103,0.489,123.921,207107,4,0.074,0.806,0.121
0.821,0.319,8,-12.288,1,0.751,0.256,0.0,0.0333,0.455,102.845,169280,4,,,
0.821,0.319,8,-12.288,1,0.751,0.256,0.0,0.0333,0.455,102.845,169280,4,,,
0.755,0.558,4,-8.102,0,0.236,0.00927,5.36e-05,0.167,0.205,98.743,190638,4,,,
0.755,0.558,4,-8.102,0,0.236,0.00927,5.36e-05,0.167,0.205,98.743,190638,4,,,
0.63,0.449,6,-8.549,0,0.252,0.814,0.575,0.106,0.0738,158.861,401933,4,,,
0.63,0.449,6,-8.549,0,0.252,0.814,0.575,0.106,0.0738,158.861,401933,4,,,
0.488,0.427,9,-9.105,1,0.0313,0.181,0.058,0.179,0.0883,140.004,303973,4,,,
0.488,0.427,9,-9.105,1,0.0313,0.181,0.058,0.179,0.0883,140.004,303973,4,,,
0.66,0.306,9,-10.895,1,0.0296,0.953,0.826,0.319,0.491,91.763,244990,4,,,
0.66,0.306,9,-10.895,1,0.0296,0.953,0.826,0.319,0.491,91.763,244990,4,,,
0.667,0.37,5,-12.571,1,0.0303,0.9,0.866,0.109,0.22,115.035,258052,4,,,
0.667,0.37,5,-12.571,1,0.0303,0.9,0.866,0.109,0.22,115.035,258052,4,,,
0.684,0.435,9,-14.244,0,0.0345,0.752,0.794,0.159,0.506,132.01,130966,4,,,
0.684,0.435,9,-14.244,0,0.0345,0.752,0.794,0.159,0.506,132.01,130966,4,,,
0.682,0.308,3,-15.458,1,0.0428,0.454,0.926,0.11,0.866,90.437,69172,4,,,
0.682,0.308,3,-15.458,1,0.0428,0.454,0.926,0.11,0.866,90.437,69172,4,,,
0.507,0.484,9,-9.536,1,0.0267,0.469,0.133,0.277,0.436,77.933,173322,4,,,
0.507,0.484,9,-9.536,1,0.0267,0.469,0.133,0.277,0.436,77.933,173322,4,,,
0.849,0.3,8,-10.957,0,0.0534,0.0914,1e-05,0.342,0.327,124.974,232551,4,,,
0.849,0.3,8,-10.957,0,0.0534,0.0914,1e-05,0.342,0.327,124.974,232551,4,,,
0.664,0.386,11,-8.876,1,0.0426,0.00899,0.865,0.118,0.0395,129.951,197642,4,,,
0.664,0.386,11,-8.876,1,0.0426,0.00899,0.865,0.118,0.0395,129.951,197642,4,,,
0.763,0.703,0,-11.01,0,0.0495,0.00385,0.851,0.112,0.492,140.009,163422,4,,,
0.763,0.703,0,-11.01,0,0.0495,0.00385,0.851,0.112,0.492,140.009,163422,4,,,
0.635,0.521,2,-13.084,1,0.0356,0.00129,0.472,0.238,0.135,132.006,254545,4,,,
0.635,0.521,2,-13.084,1,0.0356,0.00129,0.472,0.238,0.135,132.006,254545,4,,,
0.736,0.554,0,-12.728,1,0.114,0.00199,0.781,0.384,0.134,141.947,233628,4,,,
0.736,0.554,0,-12.728,1,0.114,0.00199,0.781,0.384,0.134,141.947,233628,4,,,
0.524,0.742,5,-11.845,0,0.0585,0.000244,0.339,0.16,0.265,75.0,195875,4,,,
0.524,0.742,5,-11.845,0,0.0585,0.000244,0.339,0.16,0.265,75.0,195875,4,,,
0.396,0.587,7,-8.746,1,0.0312,0.527,0.45,0.144,0.519,140.804,400560,4,,,
0.396,0.587,7,-8.746,1,0.0312,0.527,0.45,0.144,0.519,140.804,400560,4,,,
0.506,0.586,0,-9.094,1,0.0238,0.664,0.928,0.116,0.557,171.986,377800,4,,,
0.506,0.586,0,-9.094,1,0.0238,0.664,0.928,0.116,0.557,171.986,377800,4,,,
0.646,0.572,5,-9.673,0,0.0296,0.556,0.826,0.324,0.71,90.999,284880,4,,,
0.646,0.572,5,-9.673,0,0.0296,0.556,0.826,0.324,0.71,90.999,284880,4,,,
0.393,0.673,1,-6.796,0,0.063,0.359,0.000427,0.152,0.166,129.961,468168,4,,,
0.393,0.673,1,-6.796,0,0.063,0.359,0.000427,0.152,0.166,129.961,468168,4,,,
0.398,0.632,10,-8.646,1,0.0998,0.975,0.00716,0.124,0.202,115.89,234000,5,0.108,0.727,0.165
0.398,0.632,10,-8.646,1,0.0998,0.975,0.00716,0.124,0.202,115.89,234000,5,0.108,0.727,0.165
0.556,0.438,6,-11.237,1,0.0561,0.0153,2.45e-06,0.0946,0.513,130.867,148558,4,,,
0.556,0.438,6,-11.237,1,0.0561,0.0153,2.45e-06,0.0946,0.513,130.867,148558,4,,,
0.587,0.561,7,-9.249,1,0.0264,0.719,0.342,0.168,0.511,92.602,147093,4,,,
0.587,0.561,7,-9.249,1,0.0264,0.719,0.342,0.168,0.511,92.602,147093,4,,,
0.624,0.274,11,-14.469,0,0.0718,0.342,0.381,0.11,0.0727,125.9,215950,4,,,
0.624,0.274,11,-14.469,0,0.0718,0.342,0.381,0.11,0.0727,125.9,215950,4,,,
0.84,0.525,2,-5.67,1,0.0454,0.426,0.296,0.102,0.189,130.037,177000,4,,,
0.84,0.525,2,-5.67,1,0.0454,0.426,0.296,0.102,0.189,130.037,177000,4,,,
0.586,0.614,4,-7.275,1,0.0307,0.0803,1.94e-05,0.152,0.301,88.222,126698,4,,,
0.586,0.614,4,-7.275,1,0.0307,0.0803,1.94e-05,0.152,0.301,88.222,126698,4,,,
0.709,0.491,10,-7.188,0,0.0459,0.187,0.0863,0.106,0.271,122.285,124440,4,,,
0.709,0.491,10,-7.188,0,0.0459,0.187,0.0863,0.106,0.271,122.285,124440,4,,,
0.599,0.27,4,-17.638,1,0.0905,0.845,0.00042,0.11,0.377,124.155,189786,5,,,
0.599,0.27,4,-17.638,1,0.0905,0.845,0.00042,0.11,0.377,124.155,189786,5,,,
0.49,0.614,9,-7.837,1,0.0272,0.521,0.674,0.11,0.245,124.434,162480,4,,,
0.49,0.614,9,-7.837,1,0.0272,0.521,0.674,0.11,0.245,124.434,162480,4,,,
0.506,0.646,6,-8.209,1,0.0308,0.405,0.147,0.32,0.131,119.864,226560,4,,,
0.506,0.646,6,-8.209,1,0.0308,0.405,0.147,0.32,0.131,119.864,226560,4,,,
0.453,0.298,6,-9.945,0,0.3,0.307,2.25e-05,0.174,0.119,104.304,252224,4,,,
0.453,0.298,6,-9.945,0,0.3,0.307,2.25e-05,0.174,0.119,104.304,252224,4,,,
0.555,0.683,0,-9.35,1,0.0756,0.36,0.0126,0.0833,0.473,149.986,263600,4,,,
0.555,0.683,0,-9.35,1,0.0756,0.36,0.0126,0.0833,0.473,149.986,263600,4,,,
0.598,0.563,7,-11.162,1,0.096,0.546,0.00486,0.874,0.183,145.99,123493,4,,,
0.598,0.563,7,-11.162,1,0.096,0.546,0.00486,0.874,0.183,145.99,123493,4,,,
0.46,0.398,4,-9.074,0,0.0421,0.669,0.0,0.109,0.335,95.852,197938,4,,,
0.46,0.398,4,-9.074,0,0.0421,0.669,0.0,0.109,0.335,95.852,197938,4,,,
0.739,0.313,10,-8.453,1,0.0639,0.59,0.00617,0.106,0.37,83.004,260339,4,,,
0.739,0.313,10,-8.453,1,0.0639,0.59,0.00617,0.106,0.37,83.004,260339,4,,,
0.575,0.71,11,-5.169,1,0.0396,0.274,0.0,0.101,0.668,91.053,257587,4,0.069,0.683,0.247
0.575,0.71,11,-5.169,1,0.0396,0.274,0.0,0.101,0.668,91.053,257587,4,0.069,0.683,0.247
0.87,0.595,11,-10.793,0,0.102,0.372,0.00164,0.108,0.962,124.981,195360,4,,,
0.87,0.595,11,-10.793,0,0.102,0.372,0.00164,0.108,0.962,124.981,195360,4,,,
0.799,0.322,7,-10.921,0,0.123,0.165,8.72e-06,0.115,0.451,83.997,220714,4,,,
0.799,0.322,7,-10.921,0,0.123,0.165,8.72e-06,0.115,0.451,83.997,220714,4,,,
0.551,0.27,6,-11.002,0,0.0592,0.517,0.00519,0.106,0.0776,105.098,242968,4,,,
0.551,0.27,6,-11.002,0,0.0592,0.517,0.00519,0.106,0.0776,105.098,242968,4,,,
0.532,0.54,11,-8.332,1,0.376,0.23,0.0,0.742,0.31,128.738,165624,4,,,
0.532,0.54,11,-8.332,1,0.376,0.23,0.0,0.742,0.31,128.738,165624,4,,,
0.679,0.405,3,-9.216,1,0.246,0.685,0.0,0.166,0.452,64.074,247773,4,0.102,0.649,0.249
0.679,0.405,3,-9.216,1,0.246,0.685,0.0,0.166,0.452,64.074,247773,4,0.102,0.649,0.249
0.683,0.524,10,-11.068,1,0.26,0.248,5.7e-06,0.0744,0.355,74.989,166408,4,,,
0.683,0.524,10,-11.068,1,0.26,0.248,5.7e-06,0.0744,0.355,74.989,166408,4,,,
0.724,0.528,7,-12.726,0,0.0354,0.00584,0.0415,0.106,0.607,120.008,341000,4,,,
0.724,0.528,7,-12.726,0,0.0354,0.00584,0.0415,0.106,0.607,120.008,341000,4,,,
0.876,0.606,0,-5.471,1,0.0645,0.00672,1.06e-05,0.14,0.259,127.975,213246,4,0.147,0.765,0.088
0.876,0.606,0,-5.471,1,0.0645,0.00672,1.06e-05,0.14,0.259,127.975,213246,4,0.147,0.765,0.088
0.591,0.389,0,-7.279,1,0.216,0.223,0.0,0.185,0.151,82.544,243500,4,,,
0.591,0.389,0,-7.279,1,0.216,0.223,0.0,0.185,0.151,82.544,243500,4,,,
0.637,0.445,3,-10.862,1,0.0667,0.0164,0.23,0.107,0.0348,94.962,167133,4,,,
0.637,0.445,3,-10.862,1,0.0667,0.0164,0.23,0.107,0.0348,94.962,167133,4,,,
0.817,0.302,8,-17.369,1,0.341,0.296,0.431,0.37,0.351,120.128,112000,5,,,
0.817,0.302,8,-17.369,1,0.341,0.296,0.431,0.37,0.351,120.128,112000,5,,,
0.541,0.333,4,-15.781,0,0.392,0.556,0.000338,0.14,0.362,107.001,143987,4,,,
0.541,0.333,4,-15.781,0,0.392,0.556,0.000338,0.14,0.362,107.001,143987,4,,,
0.82,0.289,1,-16.295,0,0.238,0.293,0.124,0.105,0.247,90.045,192000,4,,,
0.82,0.289,1,-16.295,0,0.238,0.293,0.124,0.105,0.247,90.045,192000,4,,,
0.821,0.521,7,-10.976,1,0.337,0.0538,0.0,0.15,0.524,119.956,213996,4,,,
0.821,0.521,7,-10.976,1,0.337,0.0538,0.0,0.15,0.524,119.956,213996,4,,,
0.73,0.374,0,-16.942,1,0.321,0.315,0.000694,0.674,0.465,89.999,218667,4,,,
0.73,0.374,0,-16.942,1,0.321,0.315,0.000694,0.674,0.465,89.999,218667,4,,,
0.699,0.62,4,-5.941,0,0.0485,0.521,8.63e-06,0.11,0.309,130.043,227162,4,,,
0.699,0.62,4,-5.941,0,0.0485,0.521,8.63e-06,0.11,0.309,130.043,227162,4,,,
0.729,0.675,1,-6.008,1,0.187,0.037,0.847,0.0891,0.654,162.126,235400,4,,,
0.729,0.675,1,-6.008,1,0.187,0.037,0.847,0.0891,0.654,162.126,235400,4,,,
0.233,0.705,5,-6.928,1,0.0928,0.0319,6.52e-05,0.185,0.352,74.102,401573,4,,,
0.233,0.705,5,-6.928,1,0.0928,0.0319,6.52e-05,0.185,0.352,74.102,401573,4,,,
0.527,0.672,0,-5.642,0,0.0509,0.41,0.0,0.341,0.259,139.007,221880,4,,,
0.527,0.672,0,-5.642,0,0.0509,0.41,0.0,0.341,0.259,139.007,221880,4,,,
0.842,0.478,11,-8.018,0,0.303,0.0285,0.0,0.04,0.935,136.018,229800,4,0.053,0.695,0.252
0.842,0.478,11,-8.018,0,0.303,0.0285,0.0,0.04,0.935,136.018,229800,4,0.053,0.695,0.252
0.7,0.377,9,-15.07,1,0.342,0.0959,0.0,0.133,0.181,130.003,148606,4,,,
0.7,0.377,9,-15.07,1,0.342,0.0959,0.0,0.133,0.181,130.003,148606,4,,,
0.324,0.558,9,-11.682,0,0.0853,0.0415,0.0407,0.529,0.0782,78.939,227591,5,,,
0.324,0.558,9,-11.682,0,0.0853,0.0415,0.0407,0.529,0.0782,78.939,227591,5,,,
0.752,0.638,1,-9.574,1,0.0967,0.0448,0.00518,0.114,0.742,115.007,217565,4,0.142,0.676,0.182
0.752,0.638,1,-9.574,1,0.0967,0.0448,0.00518,0.114,0.742,115.007,217565,4,0.142,0.676,0.182
0.788,0.491,0,-8.537,1,0.0516,0.0158,0.802,0.0824,0.724,119.992,178907,4,,,
0.788,0.491,0,-8.537,1,0.0516,0.0158,0.802,0.0824,0.724,119.992,178907,4,,,
0.518,0.493,2,-9.534,1,0.0293,0.778,0.00287,0.216,0.461,101.819,437707,4,0.009,0.87,0.121
0.518,0.493,2,-9.534,1,0.0293,0.778,0.00287,0.216,0.461,101.819,437707,4,0.009,0.87,0.121
0.207,0.0342,4,-23.974,1,0.042,0.947,0.0105,0.136,0.0373,78.872,134467,3,,,
0.207,0.0342,4,-23.974,1,0.042,0.947,0.0105,0.136,0.0373,78.872,134467,3,,,
0.704,0.329,0,-10.823,1,0.0435,0.351,0.000453,0.0574,0.315,90.005,233333,4,,,
0.704,0.329,0,-10.823,1,0.0435,0.351,0.000453,0.0574,0.315,90.005,233333,4,,,
0.529,0.621,7,-9.157,1,0.346,0.134,0.000756,0.2,0.645,169.915,226000,4,,,
0.529,0.621,7,-9.157,1,0.346,0.134,0.000756,0.2,0.645,169.915,226000,4,,,
0.717,0.719,11,-5.895,0,0.0427,0.101,0.0,0.0895,0.545,92.531,168840,4,,,
0.717,0.719,11,-5.895,0,0.0427,0.101,0.0,0.0895,0.545,92.531,168840,4,,,
0.724,0.716,1,-9.095,0,0.405,0.149,0.0536,0.105,0.668,134.939,176000,4,,,
0.724,0.716,1,-9.095,0,0.405,0.149,0.0536,0.105,0.668,134.939,176000,4,,,
0.777,0.752,0,-10.3,1,0.134,0.247,0.000828,0.353,0.807,130.025,118913,4,,,
0.777,0.752,0,-10.3,1,0.134,0.247,0.000828,0.353,0.807,130.025,118913,4,,,
0.695,0.34,6,-9.661,0,0.0393,0.705,0.000754,0.155,0.44,110.033,273797,4,,,
0.695,0.34,6,-9.661,0,0.0393,0.705,0.000754,0.155,0.44,110.033,273797,4,,,
