track_id,playlist_id,date,danceability,energy,key,loudness,mode,speechiness,acousticness,instrumentalness,liveness,valence,tempo,id,duration_ms,time_signature,neg,neu,pos,compound
67sypabMU2RWSINGPRT5mV,07zqCIPCroFMKSajvERGvE,8/2/2022,0.559,0.589,6,-7.27,1,0.0297,0.149,1.20E-05,0.328,0.869,86.543,67sypabMU2RWSINGPRT5mV,170273,3,0.09,0.646,0.265,0.9952
0rMGFZarxz3rnyt68cHfm6,07zqCIPCroFMKSajvERGvE,8/7/2022,0.43,0.0772,0,-11.7,1,0.0309,0.928,0.000287,0.112,0.137,73.607,0rMGFZarxz3rnyt68cHfm6,226551,3,0.118,0.851,0.032,-0.9056
0nPlbGi675iDCppDNjpl6e,07zqCIPCroFMKSajvERGvE,8/13/2022,0.322,0.182,5,-19.308,1,0.0385,0.938,0.915,0.112,0.0694,66.043,0nPlbGi675iDCppDNjpl6e,211168,3,,,,
1QMwFv4b7IPbzLTfbp1nPt,07zqCIPCroFMKSajvERGvE,8/20/2022,0.382,0.912,4,-6.023,1,0.0467,9.53E-05,3.44E-06,0.329,0.959,169.426,1QMwFv4b7IPbzLTfbp1nPt,118038,4,,,,
5nyUqodtLIP5Ncuv2hc10k,07zqCIPCroFMKSajvERGvE,8/24/2022,0.275,0.157,2,-20.127,1,0.035,0.989,0.903,0.0789,0.0614,80.477,5nyUqodtLIP5Ncuv2hc10k,273717,4,,,,
6llpUv4y59Kd5ZqQ2gugbb,07zqCIPCroFMKSajvERGvE,8/29/2022,0.615,0.81,9,-5.008,1,0.0582,0.0374,0.00203,0.233,0.769,135.011,6llpUv4y59Kd5ZqQ2gugbb,236960,4,,,,
5WXPowQPGcyhFY5IYOWTuL,30PgYnoeT2PAgFNuYLR5qd,9/14/2022,0.399,0.909,7,-3.958,1,0.0854,0.00997,0.00145,0.132,0.421,144.836,5WXPowQPGcyhFY5IYOWTuL,190373,4,,,,
2OUMNIty0ZNqa185mVRehF,30PgYnoeT2PAgFNuYLR5qd,9/25/2022,0.413,0.149,3,-15.895,0,0.035,0.995,0.92,0.108,0.104,67.546,2OUMNIty0ZNqa185mVRehF,209026,4,0.144,0.734,0.122,-0.4604
6m8Z99khlusHMbGEBWNHDB,30PgYnoeT2PAgFNuYLR5qd,9/29/2022,0.801,0.0485,5,-12.151,1,0.0554,0.994,0.000121,0.112,0.494,84.526,6m8Z99khlusHMbGEBWNHDB,199733,4,,,,
53zrZribB4xc2uRzZXWKCT,30PgYnoeT2PAgFNuYLR5qd,9/29/2022,0.252,0.00676,4,-31.909,1,0.0358,0.991,0.955,0.062,0.0897,109.115,53zrZribB4xc2uRzZXWKCT,273413,3,,,,
0Kq4d28miHoPhBbxCIkNyj,30PgYnoeT2PAgFNuYLR5qd,9/29/2022,0.109,0.0446,7,-24.469,1,0.0421,0.973,0.469,0.0664,0.0478,64.735,0Kq4d28miHoPhBbxCIkNyj,253213,4,,,,
47HyqYe5m6Xca2A0WHJGiX,1vS1nakUrLYkTd3W0yRMYe,10/3/2022,0.207,0.0342,4,-23.974,1,0.042,0.947,0.0105,0.136,0.0373,78.872,47HyqYe5m6Xca2A0WHJGiX,134467,3,,,,
0Kq4d28miHoPhBbxCIkNyj,1vS1nakUrLYkTd3W0yRMYe,10/3/2022,0.109,0.0446,7,-24.469,1,0.0421,0.973,0.469,0.0664,0.0478,64.735,0Kq4d28miHoPhBbxCIkNyj,253213,4,,,,
0zMQko90wrtkfmVMiBzo3A,1vS1nakUrLYkTd3W0yRMYe,10/3/2022,0.716,0.671,10,-6.633,1,0.0454,0.0793,1.06E-05,0.132,0.857,134.929,0zMQko90wrtkfmVMiBzo3A,118667,4,,,,
2CfZC77nQV8hV94oLdTUaF,1vS1nakUrLYkTd3W0yRMYe,10/3/2022,0.709,0.603,5,-5.26,1,0.0364,0.379,4.71E-05,0.111,0.525,126.174,2CfZC77nQV8hV94oLdTUaF,185019,4,,,,
00Jg5A5TfLWEgdFko4h1PI,1vS1nakUrLYkTd3W0yRMYe,10/3/2022,0.36,0.216,4,-11.705,1,0.0293,0.573,2.89E-06,0.122,0.147,137.104,00Jg5A5TfLWEgdFko4h1PI,158457,4,,,,
570KADcA5xEZNr08LY9JXj,1vS1nakUrLYkTd3W0yRMYe,10/3/2022,0.628,0.0583,10,-20.815,1,0.0564,0.961,0.705,0.111,0.185,110.263,570KADcA5xEZNr08LY9JXj,106240,4,,,,
0U0gZhiusaKvvqHe8w7B1X,1vS1nakUrLYkTd3W0yRMYe,10/3/2022,0.535,0.605,11,-9.715,0,0.0355,0.164,0.401,0.558,0.399,90.922,0U0gZhiusaKvvqHe8w7B1X,193987,4,0.101,0.881,0.018,-0.6204
4surOKMzcKGovaN0npVHgz,1vS1nakUrLYkTd3W0yRMYe,10/3/2022,0.373,0.544,1,-8.287,0,0.0427,0.405,0.000191,0.871,0.175,76.031,4surOKMzcKGovaN0npVHgz,316579,4,,,,
0npSmMSYZ6zCfNrjtOjwpE,1vS1nakUrLYkTd3W0yRMYe,10/3/2022,0.488,0.398,11,-13.677,0,0.0463,0.209,0.0239,0.0852,0.357,113.518,0npSmMSYZ6zCfNrjtOjwpE,218174,4,,,,
2pv9AdhjEmKlp6A9pyupb0,1vS1nakUrLYkTd3W0yRMYe,10/3/2022,0.557,0.475,2,-7.971,1,0.0279,0.00249,0.178,0.629,0.417,140.129,2pv9AdhjEmKlp6A9pyupb0,226286,4,,,,
4g3lFyxT7bIr5FSKOoqvcV,1vS1nakUrLYkTd3W0yRMYe,10/4/2022,0.547,0.448,9,-7.826,1,0.0358,0.239,0.00225,0.158,0.544,116.299,4g3lFyxT7bIr5FSKOoqvcV,257640,4,,,,
0JQZBVhtftU5L7s4jb7Lbf,1vS1nakUrLYkTd3W0yRMYe,10/8/2022,0.566,0.36,0,-9.094,1,0.033,0.34,0.00329,0.0974,0.381,119.121,0JQZBVhtftU5L7s4jb7Lbf,177894,4,,,,
5CAadCIjbkXYNgXvu3HQAE,1vS1nakUrLYkTd3W0yRMYe,10/12/2022,0.596,0.223,0,-11.288,1,0.0275,0.736,0.00182,0.108,0.0384,141.848,5CAadCIjbkXYNgXvu3HQAE,213607,4,,,,
67F3s7JK4KG79hkJLu4y4w,1vS1nakUrLYkTd3W0yRMYe,10/12/2022,0.418,0.67,4,-8.346,1,0.0362,0.00719,4.52E-05,0.109,0.415,103.6,67F3s7JK4KG79hkJLu4y4w,207111,3,,,,
6nzr9B03B1g2hgRUCc2oEV,1vS1nakUrLYkTd3W0yRMYe,12/16/2022,0.843,0.465,11,-13.365,1,0.0683,0.0835,0.811,0.0875,0.649,133.37,6nzr9B03B1g2hgRUCc2oEV,219560,4,,,,
5qC17VMNoZdF2gAw28FtsV,3scPGVlAn7d74uXRtFnmUC,11/5/2022,0.742,0.384,10,-8.533,1,0.043,0.872,0.00305,0.132,0.354,69.006,5qC17VMNoZdF2gAw28FtsV,91505,3,,,,
6Pvr6ioPciOP4Qq37t3Myt,3scPGVlAn7d74uXRtFnmUC,11/5/2022,0.608,0.429,11,-11.138,0,0.2,0.943,0.000151,0.173,0.199,82.003,6Pvr6ioPciOP4Qq37t3Myt,64390,4,,,,
5nUOgQQ6GWrDi3jfv3Rsry,3scPGVlAn7d74uXRtFnmUC,11/7/2022,0.652,0.133,9,-8.504,1,0.0548,0.991,4.25E-05,0.12,0.175,120.505,5nUOgQQ6GWrDi3jfv3Rsry,264000,4,0.222,0.674,0.105,-0.9846
0OMNQyneWmmZtTQpULYJcl,3scPGVlAn7d74uXRtFnmUC,11/11/2022,0.474,0.136,3,-14.114,1,0.0595,0.631,0,0.0717,0.2,124.412,0OMNQyneWmmZtTQpULYJcl,217733,3,0.214,0.612,0.174,-0.697
3PwNwe6izynT6XVX4vgfPc,3scPGVlAn7d74uXRtFnmUC,11/14/2022,0.363,0.356,0,-13.199,1,0.0383,0.964,0.697,0.0614,0.51,118.535,3PwNwe6izynT6XVX4vgfPc,103533,4,0.092,0.657,0.251,0.8969
71SERqGA0CKmQnt0jWDPTX,3scPGVlAn7d74uXRtFnmUC,11/16/2022,0.269,0.862,11,-4.806,1,0.0559,0.0117,0.483,0.112,0.433,141.492,71SERqGA0CKmQnt0jWDPTX,214008,3,,,,
0MU1272uxkGHaX1Qh56YxT,3scPGVlAn7d74uXRtFnmUC,11/19/2022,0.388,0.222,4,-9.587,1,0.0737,0.641,1.83E-06,0.355,0.289,166.204,0MU1272uxkGHaX1Qh56YxT,207720,3,0.131,0.745,0.124,0.7774
7IImvdQBuqs4KGj9igy2js,5LzBRPVAPYUssZ4ZESnRmH,12/5/2022,0.423,0.736,9,-5.396,1,0.0303,0.0916,0.698,0.173,0.602,144.949,7IImvdQBuqs4KGj9igy2js,193551,4,,,,
2GhMYkHsNAi4fKZwvb3xEO,5LzBRPVAPYUssZ4ZESnRmH,12/5/2022,0.198,0.687,4,-6.627,1,0.0388,0.0366,0.0518,0.161,0.176,179.956,2GhMYkHsNAi4fKZwvb3xEO,313693,3,,,,
1blgW9v2UUVLZOBdP23rgw,5LzBRPVAPYUssZ4ZESnRmH,12/5/2022,0.476,0.902,6,-6.063,1,0.0438,0.0896,0.295,0.104,0.341,135.914,1blgW9v2UUVLZOBdP23rgw,281154,4,,,,
5IuToqeChB6uTLz0iOsDn6,5LzBRPVAPYUssZ4ZESnRmH,12/5/2022,0.393,0.684,1,-8.401,0,0.0281,0.0881,0.152,0.15,0.186,107.55,5IuToqeChB6uTLz0iOsDn6,206456,4,,,,
5Y8NV8AiYPodmq6uOYflq6,5LzBRPVAPYUssZ4ZESnRmH,12/5/2022,0.461,0.61,0,-5.828,1,0.0388,0.0223,0.00028,0.323,0.532,147.743,5Y8NV8AiYPodmq6uOYflq6,253427,4,0.081,0.737,0.182,0.9899
71SERqGA0CKmQnt0jWDPTX,5LzBRPVAPYUssZ4ZESnRmH,12/5/2022,0.269,0.862,11,-4.806,1,0.0559,0.0117,0.483,0.112,0.433,141.492,71SERqGA0CKmQnt0jWDPTX,214008,3,,,,
6PInkrdWpzFi6c4Ffrzs3q,5LzBRPVAPYUssZ4ZESnRmH,12/13/2022,0.624,0.599,11,-7.303,0,0.0314,0.00235,0.0967,0.218,0.657,79.982,6PInkrdWpzFi6c4Ffrzs3q,225253,4,,,,
1g89nNWU8XIjUQwc8BNVTD,5LzBRPVAPYUssZ4ZESnRmH,12/14/2022,0.928,0.433,0,-12.604,1,0.0638,0.543,0.323,0.0904,0.757,104.981,1g89nNWU8XIjUQwc8BNVTD,59481,4,,,,
5ZS5Pj89GOnqp2BtPwUNE8,5LzBRPVAPYUssZ4ZESnRmH,12/19/2022,0.427,0.714,0,-6.728,1,0.0313,0.0816,0.951,0.102,0.3,128.15,5ZS5Pj89GOnqp2BtPwUNE8,272626,4,,,,
3M7Vc5kB27XYvLAIYM49Jj,5LzBRPVAPYUssZ4ZESnRmH,12/19/2022,0.66,0.542,5,-11.264,1,0.037,0.0445,0.0827,0.14,0.239,111.968,3M7Vc5kB27XYvLAIYM49Jj,264167,4,,,,
0IvaKmBYBLVcdP0Ft8Dwik,5LzBRPVAPYUssZ4ZESnRmH,12/19/2022,0.579,0.411,6,-13.068,1,0.0329,0.73,0.8,0.0945,0.125,79.988,0IvaKmBYBLVcdP0Ft8Dwik,185250,1,,,,
3dmsgudsfeGdQ9NsZFOm0C,5LzBRPVAPYUssZ4ZESnRmH,12/19/2022,0.819,0.688,2,-5.967,0,0.0363,0.0549,0.0568,0.0799,0.961,104.013,3dmsgudsfeGdQ9NsZFOm0C,130962,4,,,,
1kV1laTguTB7W2ePEdFtqs,5LzBRPVAPYUssZ4ZESnRmH,12/19/2022,0.466,0.659,9,-5.892,1,0.0248,0.0265,0,0.0639,0.507,93.956,1kV1laTguTB7W2ePEdFtqs,144200,4,,,,
0eBm5L1ECJoq7Xbl7Voe9F,5LzBRPVAPYUssZ4ZESnRmH,12/19/2022,0.55,0.445,11,-8.143,1,0.0282,0.0166,0.853,0.109,0.227,77.537,0eBm5L1ECJoq7Xbl7Voe9F,374722,4,,,,
6nzr9B03B1g2hgRUCc2oEV,5LzBRPVAPYUssZ4ZESnRmH,12/19/2022,0.843,0.465,11,-13.365,1,0.0683,0.0835,0.811,0.0875,0.649,133.37,6nzr9B03B1g2hgRUCc2oEV,219560,4,,,,
2FGTdEAvAv9w6m58c1Br2u,5LzBRPVAPYUssZ4ZESnRmH,12/22/2022,0.731,0.922,9,-6.829,0,0.0439,0.144,0.877,0.479,0.953,126.459,2FGTdEAvAv9w6m58c1Br2u,147733,4,,,,
34RRzca2U6GqC2HLdEukuA,6hDHXewz8qBTezvONSqzyl,1/1/2023,0.603,0.801,1,-5.261,1,0.033,0.265,0,0.134,0.856,133.066,34RRzca2U6GqC2HLdEukuA,109493,4,,,,
4loxhrC7MqARWyHLofmhtW,6hDHXewz8qBTezvONSqzyl,1/4/2023,0.689,0.783,10,-5.148,1,0.0447,0.0654,0.237,0.147,0.756,129.955,4loxhrC7MqARWyHLofmhtW,148192,4,,,,
6OHIq8UbH7oEbnQf6jPMas,6hDHXewz8qBTezvONSqzyl,1/12/2023,0.822,0.107,1,-13.824,1,0.0862,0.882,0.861,0.084,0.622,77.467,6OHIq8UbH7oEbnQf6jPMas,82843,4,,,,
2aitAdHyBLIOqMBPdd4DM3,6hDHXewz8qBTezvONSqzyl,1/18/2023,0.746,0.481,11,-7.575,1,0.19,0.619,0.84,0.103,0.941,167.958,2aitAdHyBLIOqMBPdd4DM3,93095,4,,,,
7uCcBDQiqP7A3LDiY4yDVQ,00riJCYiVJ1yptAXtv2h6k,2/2/2023,0.432,0.745,0,-6.112,1,0.2,0.125,0.000139,0.112,0.197,120.154,7uCcBDQiqP7A3LDiY4yDVQ,210773,4,,,,
3aEtEYik8TxlLrucpNzvzU,00riJCYiVJ1yptAXtv2h6k,2/2/2023,0.463,0.684,0,-3.34,0,0.0269,0.00917,0.144,0.109,0.495,214.021,3aEtEYik8TxlLrucpNzvzU,134573,4,,,,
0eesOi8JLDARItbDnPzlrI,00riJCYiVJ1yptAXtv2h6k,2/2/2023,0.814,0.908,5,-6.551,0,0.22,0.26,0.844,0.112,0.559,93.818,0eesOi8JLDARItbDnPzlrI,90970,4,,,,
6flpKpHgvh6jHcN3rhFFlt,00riJCYiVJ1yptAXtv2h6k,2/2/2023,0.773,0.426,10,-7.906,0,0.0734,0.0531,8.49E-05,0.145,0.262,103.022,6flpKpHgvh6jHcN3rhFFlt,189383,4,,,,
6CQaVuICm1WVXyy3SZ5jEI,00riJCYiVJ1yptAXtv2h6k,2/10/2023,0.739,0.365,5,-5.731,0,0.0415,0.751,1.65E-06,0.161,0.699,96.095,6CQaVuICm1WVXyy3SZ5jEI,233733,4,,,,
7j8k8M9korrPWTERMyD7mM,00riJCYiVJ1yptAXtv2h6k,2/10/2023,0.31,0.252,2,-13.231,0,0.0384,0.673,0.00525,0.133,0.119,88.85,7j8k8M9korrPWTERMyD7mM,370773,4,0.043,0.746,0.211,0.996
5LTgI9VsuL3NKrv2WHBgNx,00riJCYiVJ1yptAXtv2h6k,2/10/2023,0.783,0.803,4,-6.433,0,0.0848,0.0159,0.0197,0.682,0.931,148.184,5LTgI9VsuL3NKrv2WHBgNx,224253,4,0.097,0.79,0.113,0.945
4r0GVpjSsKSR1biv4fOoa5,00riJCYiVJ1yptAXtv2h6k,2/10/2023,0.557,0.461,5,-11.796,1,0.0342,0.00952,0.0405,0.0708,0.291,117.999,4r0GVpjSsKSR1biv4fOoa5,379227,3,0,0.72,0.28,0.9973
78ECvz2vs1obDkLdbMEdJK,00riJCYiVJ1yptAXtv2h6k,2/10/2023,0.334,0.635,7,-4.906,1,0.0407,0.728,1.59E-05,0.261,0.299,186.714,78ECvz2vs1obDkLdbMEdJK,188184,3,,,,
02t0a1rmItzyIhNNThYRcG,00riJCYiVJ1yptAXtv2h6k,2/10/2023,0.771,0.524,7,-9.759,0,0.505,0.0497,0,0.193,0.525,120.237,02t0a1rmItzyIhNNThYRcG,260664,4,,,,
1venpPIzDTmjPBSVsM1IhB,00riJCYiVJ1yptAXtv2h6k,2/15/2023,0.779,0.585,7,-10.363,1,0.108,0.012,0.0163,0.106,0.624,120.08,1venpPIzDTmjPBSVsM1IhB,224480,4,0.057,0.831,0.113,0.9768
2b4SSorCTQ2VzmllaeWuuT,00riJCYiVJ1yptAXtv2h6k,3/2/2023,0.824,0.396,2,-9.663,1,0.332,0.0323,0.00289,0.108,0.252,118.053,2b4SSorCTQ2VzmllaeWuuT,227707,4,,,,
10FU0Xm3HQgUH9w2KQAtTk,00riJCYiVJ1yptAXtv2h6k,2023-02-29,0.697,0.759,5,-7.908,0,0.0501,0.113,0.195,0.0701,0.848,140.03,10FU0Xm3HQgUH9w2KQAtTk,202489,4,,,,
7uCWAhAVOR487BVKlRf9kp,00riJCYiVJ1yptAXtv2h6k,2/19/2023,0.545,0.352,10,-6.988,0,0.0354,0.353,0.338,0.0729,0.221,102.204,7uCWAhAVOR487BVKlRf9kp,144933,4,,,,
5WYivzNuvVtVeNs5ETZlV2,00riJCYiVJ1yptAXtv2h6k,2/26/2023,0.619,0.699,6,-5.109,1,0.0299,0.259,0.664,0.138,0.527,118.836,5WYivzNuvVtVeNs5ETZlV2,237698,4,,,,
07sDCjAW38IRt72EkMhqaK,00riJCYiVJ1yptAXtv2h6k,2/28/2023,0.774,0.543,4,-5.673,0,0.0819,0.369,0.881,0.104,0.551,82.962,07sDCjAW38IRt72EkMhqaK,205285,4,,,,
3up0UpcpmU5dzPppIwmqXm,00riJCYiVJ1yptAXtv2h6k,2/28/2023,0.762,0.568,8,-4.553,0,0.0339,0.407,0.821,0.12,0.368,107.8,3up0UpcpmU5dzPppIwmqXm,192710,4,,,,
4KDVWd4zUHrfJHyuOuvLJP,00riJCYiVJ1yptAXtv2h6k,2/28/2023,0.494,0.406,11,-10.725,0,0.0416,0.607,0.53,0.122,0.219,81.067,4KDVWd4zUHrfJHyuOuvLJP,191904,4,,,,
7HXfMFsrVmUQqjhBuLsZtY,00riJCYiVJ1yptAXtv2h6k,2023-02-30,0.566,0.722,9,-7.294,0,0.0392,0.0186,0.145,0.408,0.142,125.026,7HXfMFsrVmUQqjhBuLsZtY,217240,4,0.058,0.801,0.142,0.9677
6plT7nFGiXKSBP9HFSI4ef,00riJCYiVJ1yptAXtv2h6k,2023-02-31,0.51,0.503,10,-8.756,0,0.242,0.0216,0.002,0.108,0.193,153.582,6plT7nFGiXKSBP9HFSI4ef,243773,4,0.177,0.727,0.096,-0.9924
7uCWAhAVOR487BVKlRf9kp,0HxFI5dOlKztf38T9sa0cF,3/2/2023,0.545,0.352,10,-6.988,0,0.0354,0.353,0.338,0.0729,0.221,102.204,7uCWAhAVOR487BVKlRf9kp,144933,4,,,,
4KDVWd4zUHrfJHyuOuvLJP,0HxFI5dOlKztf38T9sa0cF,3/2/2023,0.494,0.406,11,-10.725,0,0.0416,0.607,0.53,0.122,0.219,81.067,4KDVWd4zUHrfJHyuOuvLJP,191904,4,,,,
7HXfMFsrVmUQqjhBuLsZtY,0HxFI5dOlKztf38T9sa0cF,3/2/2023,0.566,0.722,9,-7.294,0,0.0392,0.0186,0.145,0.408,0.142,125.026,7HXfMFsrVmUQqjhBuLsZtY,217240,4,0.058,0.801,0.142,0.9677
6plT7nFGiXKSBP9HFSI4ef,0HxFI5dOlKztf38T9sa0cF,3/2/2023,0.51,0.503,10,-8.756,0,0.242,0.0216,0.002,0.108,0.193,153.582,6plT7nFGiXKSBP9HFSI4ef,243773,4,0.177,0.727,0.096,-0.9924
38nqV0MzbqP7ZxsIHbKu31,0HxFI5dOlKztf38T9sa0cF,3/3/2023,0.748,0.623,5,-5.08,1,0.0285,0.109,0,0.15,0.21,105.045,38nqV0MzbqP7ZxsIHbKu31,250000,4,0.103,0.644,0.253,0.9948
6gtNiLJNLBcV0P6Juenstp,0HxFI5dOlKztf38T9sa0cF,3/1/2023,0.64,0.548,7,-6.965,1,0.147,0.543,3.10E-06,0.303,0.181,148.077,6gtNiLJNLBcV0P6Juenstp,212495,4,,,,
3IkeXMj4KomsT7ZdMmF8Pg,0HxFI5dOlKztf38T9sa0cF,3/3/2023,0.365,0.0936,10,-18.522,0,0.0426,0.853,0,0.165,0.204,78.385,3IkeXMj4KomsT7ZdMmF8Pg,82841,4,,,,
1LGqJ3nvxpVXDWpEzq4DJD,0HxFI5dOlKztf38T9sa0cF,3/4/2023,0.504,0.0644,2,-14.754,0,0.0408,0.972,4.36E-06,0.174,0.403,106.994,1LGqJ3nvxpVXDWpEzq4DJD,181440,5,0.113,0.762,0.126,0.2023
4112NftD4CoiRpf203YgkS,0HxFI5dOlKztf38T9sa0cF,3/6/2023,0.64,0.684,0,-7.074,1,0.0499,0.297,0,0.183,0.495,128.027,4112NftD4CoiRpf203YgkS,237893,4,,,,
1eQBEelI2NCy7AUTerX0KS,0HxFI5dOlKztf38T9sa0cF,3/6/2023,0.596,0.393,8,-8.714,1,0.383,0.637,0,0.539,0.36,107.425,1eQBEelI2NCy7AUTerX0KS,320680,4,0.08,0.714,0.206,0.9978
1G9THLIpOxR0mra5AUvHAA,0HxFI5dOlKztf38T9sa0cF,3/13/2023,0.227,0.457,2,-7.459,1,0.0299,0.0979,0.000447,0.189,0.371,106.727,1G9THLIpOxR0mra5AUvHAA,213987,4,0.188,0.662,0.15,-0.6708
4XlLkFmkeAOOtMM3qs8m2V,0HxFI5dOlKztf38T9sa0cF,3/15/2023,0.693,0.656,1,-8.55,0,0.083,0.0939,0.00306,0.183,0.284,119.948,4XlLkFmkeAOOtMM3qs8m2V,166000,4,,,,
1h2LHhmyAXi8tPNLi806JA,0HxFI5dOlKztf38T9sa0cF,3/15/2023,0.611,0.454,0,-7.436,0,0.201,0.469,1.52E-06,0.189,0.444,93.004,1h2LHhmyAXi8tPNLi806JA,311000,4,,,,
1HueUI7zrnVukIJAAjBBeh,0HxFI5dOlKztf38T9sa0cF,3/15/2023,0.76,0.698,0,-5.599,0,0.0614,0.0213,0.00292,0.0537,0.859,112.036,1HueUI7zrnVukIJAAjBBeh,174413,4,0.064,0.927,0.009,-0.8372
5iWUBYHqmf82C9tl8UNGtg,0HxFI5dOlKztf38T9sa0cF,3/21/2023,0.684,0.402,9,-7.334,0,0.03,0.024,0.882,0.0815,0.484,93.982,5iWUBYHqmf82C9tl8UNGtg,237560,4,,,,
1ZEpge1j4gAi4R7pU9oor5,0HxFI5dOlKztf38T9sa0cF,3/21/2023,0.56,0.463,7,-9.601,1,0.421,0.775,0,0.128,0.896,155.711,1ZEpge1j4gAi4R7pU9oor5,162490,4,,,,
25FeM2rqMbcySLJ4dxS2iU,0HxFI5dOlKztf38T9sa0cF,3/21/2023,0.518,0.382,6,-12.976,1,0.451,0.843,1.67E-05,0.11,0.496,82.827,25FeM2rqMbcySLJ4dxS2iU,169242,4,,,,
0v9Wz8o0BT8DU38R4ddjeH,0HxFI5dOlKztf38T9sa0cF,3/27/2023,0.652,0.795,11,-5.192,0,0.174,0.156,0,0.123,0.788,135.018,0v9Wz8o0BT8DU38R4ddjeH,304607,4,0.129,0.577,0.294,0.9994
1a2sYpCigIOnj3OPvPk4rF,0HxFI5dOlKztf38T9sa0cF,4/5/2023,0.646,0.69,6,-7.207,1,0.0833,0.239,0.00321,0.654,0.319,91.971,1a2sYpCigIOnj3OPvPk4rF,249893,4,,,,
1C6ZvjS6v0eQewUo8qcDng,7EFWm7Mjy6GLJHOEgKEblM,4/5/2023,0.728,0.539,2,-5.769,1,0.0525,0.0289,2.06E-06,0.325,0.33,95.019,1C6ZvjS6v0eQewUo8qcDng,206658,4,,,,
2BydLQAh7CUIFvSEqAMc4x,7EFWm7Mjy6GLJHOEgKEblM,4/5/2023,0.843,0.48,11,-11.574,0,0.0492,0.28,0.000782,0.108,0.762,101.993,2BydLQAh7CUIFvSEqAMc4x,180493,4,0.026,0.804,0.17,0.9817
2qRpAQoH3aaDTppBN7j0JL,7EFWm7Mjy6GLJHOEgKEblM,4/5/2023,0.631,0.348,5,-14.169,0,0.0292,0.719,1.14E-06,0.132,0.444,98.7,2qRpAQoH3aaDTppBN7j0JL,425867,4,0.099,0.666,0.236,0.9954
46CA1H0T1r7u5lDUtVveAh,7EFWm7Mjy6GLJHOEgKEblM,4/5/2023,0.233,0.705,5,-6.928,1,0.0928,0.0319,6.52E-05,0.185,0.352,74.102,46CA1H0T1r7u5lDUtVveAh,401573,4,,,,
1pGAvZo2axYXAXYiSeYEqY,7EFWm7Mjy6GLJHOEgKEblM,4/5/2023,0.48,0.61,0,-7.042,1,0.305,0.0456,0,0.313,0.297,90.034,1pGAvZo2axYXAXYiSeYEqY,255653,4,0.187,0.731,0.082,-0.9985
1AUA7JlrARv430PUJRK0Lp,7EFWm7Mjy6GLJHOEgKEblM,4/5/2023,0.463,0.698,1,-4.456,1,0.0368,0.0215,4.65E-06,0.238,0.351,93.072,1AUA7JlrARv430PUJRK0Lp,238249,4,,,,
3C8JVq811dJBtOQx0LktPZ,7EFWm7Mjy6GLJHOEgKEblM,4/5/2023,0.662,0.299,1,-13.503,1,0.0359,0.823,3.86E-06,0.0571,0.509,77.485,3C8JVq811dJBtOQx0LktPZ,190640,3,0.033,0.843,0.124,0.9758
4Y4Gd3ty8uut6Qw43c7yJc,7EFWm7Mjy6GLJHOEgKEblM,4/5/2023,0.486,0.312,2,-13.522,1,0.0533,0.726,1.59E-06,0.0601,0.598,205.917,4Y4Gd3ty8uut6Qw43c7yJc,166827,4,0.018,0.927,0.055,0.5911
6NREFqnqDyj6aUxqQLodMp,7EFWm7Mjy6GLJHOEgKEblM,4/5/2023,0.378,0.442,5,-11.188,1,0.0715,0.585,0.000261,0.086,0.192,140.069,6NREFqnqDyj6aUxqQLodMp,220620,4,,,,
3gyHKzhzSRB6kGtlOZz5OD,7EFWm7Mjy6GLJHOEgKEblM,4/5/2023,0.351,0.929,0,-4.912,1,0.0555,0.411,0.832,0.116,0.577,159.702,3gyHKzhzSRB6kGtlOZz5OD,174000,3,,,,
4lBeuxRpQJFpSaFdmAc9oa,7EFWm7Mjy6GLJHOEgKEblM,4/5/2023,0.284,0.201,4,-18.332,1,0.0376,0.982,0.618,0.102,0.132,82.377,4lBeuxRpQJFpSaFdmAc9oa,171825,1,,,,
5a1iittoF2YZSwqq8SJe2U,7EFWm7Mjy6GLJHOEgKEblM,4/5/2023,0.435,0.105,7,-17.695,1,0.0341,0.976,0.619,0.103,0.209,94.966,5a1iittoF2YZSwqq8SJe2U,197368,4,,,,
0y5AQnBxRnntXBDiXrQ5sE,7EFWm7Mjy6GLJHOEgKEblM,4/5/2023,0.498,0.695,8,-7.786,1,0.0744,0.604,0.457,0.0596,0.335,84.76,0y5AQnBxRnntXBDiXrQ5sE,186060,4,,,,
5wTVNpi5WDByxBgKgUE6MU,7EFWm7Mjy6GLJHOEgKEblM,4/6/2023,0.612,0.442,6,-8.874,1,0.289,0.651,0,0.26,0.253,119.235,5wTVNpi5WDByxBgKgUE6MU,181120,5,0.096,0.687,0.217,0.9944
6cdAs0byLnsoPHTWuqx149,7EFWm7Mjy6GLJHOEgKEblM,4/7/2023,0.54,0.674,4,-8.734,1,0.0296,0.0978,0.156,0.147,0.165,95.036,6cdAs0byLnsoPHTWuqx149,195107,4,0.036,0.862,0.102,0.4939
6fTdcGsjxlAD9PSkoPaLMX,7EFWm7Mjy6GLJHOEgKEblM,4/8/2023,0.511,0.596,0,-6.56,1,0.224,0.53,0,0.0798,0.554,158.063,6fTdcGsjxlAD9PSkoPaLMX,226014,4,,,,
4SYjDNRcH29PX1XYrotAqI,7EFWm7Mjy6GLJHOEgKEblM,4/8/2023,0.45,0.378,11,-17.845,1,0.0476,0.668,0.47,0.0533,0.165,190.038,4SYjDNRcH29PX1XYrotAqI,208421,3,,,,
2kSb3wYSOV996xA2NSmpck,7EFWm7Mjy6GLJHOEgKEblM,4/15/2023,0.573,0.481,8,-7.775,1,0.0357,0.182,0.0793,0.106,0.305,115.28,2kSb3wYSOV996xA2NSmpck,208854,4,,,,
6m6R6O2BOZDCNymhJ45spI,7EFWm7Mjy6GLJHOEgKEblM,4/15/2023,0.722,0.675,1,-5.61,0,0.0775,0.873,0.118,0.305,0.507,120.012,6m6R6O2BOZDCNymhJ45spI,212000,4,,,,
6tEFQlUTTe48XqC9IJiK1o,7EFWm7Mjy6GLJHOEgKEblM,4/15/2023,0.237,0.658,0,-7.884,1,0.0515,0.0258,0.0686,0.705,0.222,129.722,6tEFQlUTTe48XqC9IJiK1o,181323,4,,,,
4hbqTCFQ0REWJkEAFMPGNT,7EFWm7Mjy6GLJHOEgKEblM,4/15/2023,0.408,0.257,11,-13.421,1,0.0363,0.921,0.896,0.215,0.34,134.279,4hbqTCFQ0REWJkEAFMPGNT,191383,3,,,,
5RBCiq3XOtFj61zKcCpJjJ,7EFWm7Mjy6GLJHOEgKEblM,4/15/2023,0.538,0.566,10,-11.732,0,0.0377,0.374,0.577,0.153,0.386,158.088,5RBCiq3XOtFj61zKcCpJjJ,267482,4,,,,
6vpmEb3q6U7trxPRMC2lnf,7EFWm7Mjy6GLJHOEgKEblM,4/24/2023,0.302,0.475,0,-11.729,1,0.156,0.817,2.07E-05,0.322,0.212,83.897,6vpmEb3q6U7trxPRMC2lnf,236936,3,,,,
4Sr6N2pJXCb5VjdknAjblG,7EFWm7Mjy6GLJHOEgKEblM,4/24/2023,0.801,0.41,7,-12.359,1,0.0322,0.187,0.0258,0.0993,0.719,125.133,4Sr6N2pJXCb5VjdknAjblG,230547,4,,,,
3eze1OsZ1rqeXkKStNfTmi,7EFWm7Mjy6GLJHOEgKEblM,4/24/2023,0.505,0.397,5,-9.349,1,0.324,0.716,0,0.0853,0.558,95.063,3eze1OsZ1rqeXkKStNfTmi,219683,1,0.044,0.803,0.153,0.9947
5GUYJTQap5F3RDQiCOJhrS,7EFWm7Mjy6GLJHOEgKEblM,4/24/2023,0.572,0.209,8,-10.413,1,0.0313,0.765,0,0.356,0.446,80.069,5GUYJTQap5F3RDQiCOJhrS,249668,4,0.084,0.859,0.057,0.1164
2VQc9orzwE6a5qFfy54P6e,7EFWm7Mjy6GLJHOEgKEblM,4/25/2023,0.714,0.343,10,-7.641,1,0.38,0.723,5.48E-06,0.102,0.372,72.348,2VQc9orzwE6a5qFfy54P6e,221940,4,0.033,0.633,0.333,0.9996
2F4JaV4P4zajoAiUkHD36b,7EFWm7Mjy6GLJHOEgKEblM,2023-04-31,0.489,0.506,11,-10.251,1,0.177,0.427,0.0862,0.12,0.431,95.528,2F4JaV4P4zajoAiUkHD36b,413587,4,,,,
7yAAFi8NnEAu8Go9aBu0Jg,7EFWm7Mjy6GLJHOEgKEblM,4/25/2023,0.568,0.488,3,-9.463,0,0.0483,0.857,3.97E-06,0.121,0.461,97.135,7yAAFi8NnEAu8Go9aBu0Jg,217826,3,,,,
6LtYOGKJGmf6L24u0pXeJv,7EFWm7Mjy6GLJHOEgKEblM,4/28/2023,0.612,0.478,3,-10.728,0,0.0611,0.725,0.125,0.125,0.477,128.096,6LtYOGKJGmf6L24u0pXeJv,225085,4,,,,
48ssBWX2lb0PvcywvbYj6D,7EFWm7Mjy6GLJHOEgKEblM,4/29/2023,0.542,0.765,7,-7.535,1,0.526,0.823,3.72E-06,0.0983,0.541,141.719,48ssBWX2lb0PvcywvbYj6D,224398,4,,,,
4sln3hvqGxLEUCcAmTO4pR,7EFWm7Mjy6GLJHOEgKEblM,4/30/2023,0.75,0.606,6,-9.928,1,0.0726,0.153,0.000289,0.316,0.115,119.99,4sln3hvqGxLEUCcAmTO4pR,231189,4,0.054,0.813,0.133,0.9696
3bcVlSWtjktTZAczUbfzlG,7EFWm7Mjy6GLJHOEgKEblM,2023-04-31,0.771,0.786,10,-7.324,0,0.0648,0.00677,0.901,0.705,0.19,119.961,3bcVlSWtjktTZAczUbfzlG,268080,4,,,,
4vxm2gnST3bQer60vY1pJp,7EFWm7Mjy6GLJHOEgKEblM,4/30/2023,0.854,0.386,3,-5.98,0,0.0493,0.0227,0.000695,0.136,0.569,119.966,4vxm2gnST3bQer60vY1pJp,241347,4,,,,
3DlgDXIYtnWtJKiB8bZQMv,7EFWm7Mjy6GLJHOEgKEblM,4/30/2023,0.777,0.662,7,-8.393,1,0.27,0.536,4.61E-06,0.593,0.634,111.13,3DlgDXIYtnWtJKiB8bZQMv,201733,4,,,,
0Z8Rf0A1YQQd33v1BI3hSq,7EFWm7Mjy6GLJHOEgKEblM,5/1/2023,0.831,0.483,6,-10.904,1,0.0761,0.584,0.106,0.133,0.239,140.046,0Z8Rf0A1YQQd33v1BI3hSq,123429,4,,,,
1boXOL0ua7N2iCOUVI1p9F,7EFWm7Mjy6GLJHOEgKEblM,5/1/2023,0.707,0.238,3,-8.818,1,0.0379,0.0905,2.42E-06,0.0842,0.345,124.156,1boXOL0ua7N2iCOUVI1p9F,270847,3,,,,
0oqkw7Q8tQ7mcWYEx0QXxI,7EFWm7Mjy6GLJHOEgKEblM,5/1/2023,0.81,0.308,0,-8.194,1,0.0818,0.354,0,0.0899,0.56,120.012,0oqkw7Q8tQ7mcWYEx0QXxI,204000,4,,,,
5WNYg3usc6H8N3MBEp4zVk,6YAG0Li1BoUkmhc8iycY6l,5/1/2023,0.559,0.578,8,-9.54,1,0.151,0.79,0.000522,0.324,0.239,79.938,5WNYg3usc6H8N3MBEp4zVk,320720,4,0.129,0.718,0.153,0.9773
15ZnG76XwpX1u2G184YmNr,6YAG0Li1BoUkmhc8iycY6l,5/1/2023,0.566,0.465,6,-10.368,1,0.027,0.0355,0.000367,0.348,0.111,117.994,15ZnG76XwpX1u2G184YmNr,297813,4,0.051,0.889,0.06,0.6808
0oqkw7Q8tQ7mcWYEx0QXxI,6YAG0Li1BoUkmhc8iycY6l,5/1/2023,0.81,0.308,0,-8.194,1,0.0818,0.354,0,0.0899,0.56,120.012,0oqkw7Q8tQ7mcWYEx0QXxI,204000,4,,,,
55PSa41IUOdychvEObqaJc,6YAG0Li1BoUkmhc8iycY6l,5/1/2023,0.423,0.192,10,-11.257,0,0.0329,0.729,5.72E-05,0.195,0.118,113.804,55PSa41IUOdychvEObqaJc,352560,4,,,,
6ACiYjq5Q7e6BlhZEHz7cd,6YAG0Li1BoUkmhc8iycY6l,5/2/2023,0.423,0.456,2,-8.45,0,0.0579,0.381,0.016,0.12,0.148,112.984,6ACiYjq5Q7e6BlhZEHz7cd,223947,4,0.044,0.852,0.103,0.8759
0yIUV22RiuBmcdPQHIFNsX,6YAG0Li1BoUkmhc8iycY6l,5/2/2023,0.681,0.511,6,-14.149,0,0.0597,0.206,0.251,0.159,0.636,165.968,0yIUV22RiuBmcdPQHIFNsX,245773,4,0.102,0.736,0.161,0.9063
0qtK3XwbuG153dmwB8iepL,6YAG0Li1BoUkmhc8iycY6l,5/2/2023,0.449,0.434,1,-11.777,1,0.243,0.306,2.76E-06,0.633,0.371,78.57,0qtK3XwbuG153dmwB8iepL,224893,5,0.088,0.793,0.12,-0.6187
0Z8Rf0A1YQQd33v1BI3hSq,6YAG0Li1BoUkmhc8iycY6l,5/2/2023,0.831,0.483,6,-10.904,1,0.0761,0.584,0.106,0.133,0.239,140.046,0Z8Rf0A1YQQd33v1BI3hSq,123429,4,,,,
5hTpBe8h35rJ67eAWHQsJx,6YAG0Li1BoUkmhc8iycY6l,5/2/2023,0.941,0.323,10,-10.307,1,0.506,0.176,0,0.205,0.662,120.036,5hTpBe8h35rJ67eAWHQsJx,209640,4,0.205,0.633,0.162,-0.9906
0iuentwA8Lmurik4SaBVUb,6YAG0Li1BoUkmhc8iycY6l,5/2/2023,0.66,0.74,4,-7.09,0,0.0395,0.141,0.00492,0.371,0.572,124.907,0iuentwA8Lmurik4SaBVUb,205200,4,,,,
2qUZliZ9NHUYIAZqRNe6pZ,6YAG0Li1BoUkmhc8iycY6l,5/2/2023,0.606,0.503,7,-6.678,0,0.155,0.0475,0,0.116,0.31,80.04,2qUZliZ9NHUYIAZqRNe6pZ,228147,4,,,,
2TM6l6yLjK6lUSaKB4JA2R,6YAG0Li1BoUkmhc8iycY6l,5/2/2023,0.278,0.478,5,-11.991,0,0.048,0.787,0.211,0.138,0.13,80.011,2TM6l6yLjK6lUSaKB4JA2R,240902,5,0.315,0.603,0.082,-0.969
3vj1bzxK0ZngRBBFqARhDq,6YAG0Li1BoUkmhc8iycY6l,5/2/2023,0.457,0.613,8,-7.254,1,0.361,0.525,0,0.193,0.476,77.47,3vj1bzxK0ZngRBBFqARhDq,179853,4,,,,
5DC7q4EVZt2vEMZFx4IpzG,6YAG0Li1BoUkmhc8iycY6l,5/3/2023,0.329,0.685,10,-5.588,1,0.17,0.509,0,0.428,0.412,87.986,5DC7q4EVZt2vEMZFx4IpzG,312000,5,,,,
5SWdZnhsgIuHrH9X3Vii96,6YAG0Li1BoUkmhc8iycY6l,5/4/2023,0.579,0.58,5,-11.505,1,0.0335,0.289,0,0.0956,0.516,92.026,5SWdZnhsgIuHrH9X3Vii96,252056,4,,,,
1F8pZXeC1TPOX0NOPVm3kR,6YAG0Li1BoUkmhc8iycY6l,5/4/2023,0.509,0.344,5,-13.584,1,0.0303,0.245,0.00406,0.0398,0.856,169.927,1F8pZXeC1TPOX0NOPVm3kR,216163,4,,,,
5zQUTeFF8kp3COxULCVO3P,6YAG0Li1BoUkmhc8iycY6l,5/5/2023,0.65,0.329,9,-15.008,0,0.0288,0.391,0.0415,0.353,0.424,74.992,5zQUTeFF8kp3COxULCVO3P,320679,4,,,,
73S9inBZKB60Kygu3qaviQ,6YAG0Li1BoUkmhc8iycY6l,5/5/2023,0.57,0.325,4,-13.358,0,0.0266,0.849,0.707,0.364,0.0895,99.983,73S9inBZKB60Kygu3qaviQ,274337,4,,,,
7saliZ9OxOgVZvac91pnHH,6YAG0Li1BoUkmhc8iycY6l,5/5/2023,0.398,0.646,3,-10.457,1,0.0412,0.0454,0.206,0.101,0.353,179.853,7saliZ9OxOgVZvac91pnHH,456000,4,,,,
6kP92fKzIyVJtNobCRsZ6G,6YAG0Li1BoUkmhc8iycY6l,5/6/2023,0.651,0.41,5,-13.259,1,0.0889,0.368,0,0.108,0.12,128.049,6kP92fKzIyVJtNobCRsZ6G,204535,4,,,,
7yAAFi8NnEAu8Go9aBu0Jg,6YAG0Li1BoUkmhc8iycY6l,5/6/2023,0.568,0.488,3,-9.463,0,0.0483,0.857,3.97E-06,0.121,0.461,97.135,7yAAFi8NnEAu8Go9aBu0Jg,217826,3,,,,
6LtYOGKJGmf6L24u0pXeJv,6YAG0Li1BoUkmhc8iycY6l,5/6/2023,0.612,0.478,3,-10.728,0,0.0611,0.725,0.125,0.125,0.477,128.096,6LtYOGKJGmf6L24u0pXeJv,225085,4,,,,
48ssBWX2lb0PvcywvbYj6D,6YAG0Li1BoUkmhc8iycY6l,5/6/2023,0.542,0.765,7,-7.535,1,0.526,0.823,3.72E-06,0.0983,0.541,141.719,48ssBWX2lb0PvcywvbYj6D,224398,4,,,,
4sln3hvqGxLEUCcAmTO4pR,6YAG0Li1BoUkmhc8iycY6l,5/6/2023,0.75,0.606,6,-9.928,1,0.0726,0.153,0.000289,0.316,0.115,119.99,4sln3hvqGxLEUCcAmTO4pR,231189,4,0.054,0.813,0.133,0.9696
3bcVlSWtjktTZAczUbfzlG,6YAG0Li1BoUkmhc8iycY6l,5/6/2023,0.771,0.786,10,-7.324,0,0.0648,0.00677,0.901,0.705,0.19,119.961,3bcVlSWtjktTZAczUbfzlG,268080,4,,,,
4vxm2gnST3bQer60vY1pJp,6YAG0Li1BoUkmhc8iycY6l,5/6/2023,0.854,0.386,3,-5.98,0,0.0493,0.0227,0.000695,0.136,0.569,119.966,4vxm2gnST3bQer60vY1pJp,241347,4,,,,
3DlgDXIYtnWtJKiB8bZQMv,6YAG0Li1BoUkmhc8iycY6l,5/6/2023,0.777,0.662,7,-8.393,1,0.27,0.536,4.61E-06,0.593,0.634,111.13,3DlgDXIYtnWtJKiB8bZQMv,201733,4,,,,
70uUmt0fNudal1sT9AfGqL,6YAG0Li1BoUkmhc8iycY6l,5/6/2023,0.321,0.273,1,-9.912,1,0.0294,0.926,0.115,0.111,0.0506,138.986,70uUmt0fNudal1sT9AfGqL,277122,4,,,,
5mCPDVBb16L4XQwDdbRUpz,6YAG0Li1BoUkmhc8iycY6l,5/6/2023,0.804,0.459,11,-11.556,1,0.039,0.304,0.0862,0.11,0.372,111.963,5mCPDVBb16L4XQwDdbRUpz,298941,4,0.085,0.69,0.225,0.9805
7BEdYdR874esDVvLnihH6t,6YAG0Li1BoUkmhc8iycY6l,5/6/2023,0.576,0.656,5,-9.127,1,0.371,0.761,7.60E-06,0.87,0.525,139.893,7BEdYdR874esDVvLnihH6t,166892,4,,,,
4JsKup7v4h4xkpcI6Yy2Fo,6YAG0Li1BoUkmhc8iycY6l,5/6/2023,0.594,0.304,9,-15.353,0,0.029,0.947,0.198,0.0933,0.13,79.994,4JsKup7v4h4xkpcI6Yy2Fo,152985,4,,,,
6e37iSTg0DW4QP4PwQE8A9,6YAG0Li1BoUkmhc8iycY6l,5/6/2023,0.566,0.64,0,-7.209,1,0.0501,0.613,0.342,0.138,0.535,122.998,6e37iSTg0DW4QP4PwQE8A9,321951,4,,,,
6N3qHjcwly8ZuhE4bPYJAX,6YAG0Li1BoUkmhc8iycY6l,5/7/2023,0.659,0.295,11,-8.528,0,0.0322,0.426,6.95E-05,0.0795,0.36,74.037,6N3qHjcwly8ZuhE4bPYJAX,277297,4,0.038,0.836,0.125,0.9768
6uMGv8kpC8ChMP1UpM1aVn,6YAG0Li1BoUkmhc8iycY6l,5/7/2023,0.543,0.298,0,-9.167,1,0.0683,0.597,1.49E-06,0.0804,0.254,125.523,6uMGv8kpC8ChMP1UpM1aVn,261103,4,,,,
68YAZg1HzCaDjTeEXlqkP7,6YAG0Li1BoUkmhc8iycY6l,5/10/2023,0.693,0.551,2,-9.648,1,0.402,0.319,0,0.292,0.613,116.838,68YAZg1HzCaDjTeEXlqkP7,105128,4,,,,
7mb8p8MJ6zZUgu7b0mKDel,6YAG0Li1BoUkmhc8iycY6l,5/10/2023,0.648,0.582,10,-9.687,1,0.0464,0.604,0.253,0.111,0.361,144.998,7mb8p8MJ6zZUgu7b0mKDel,190759,4,,,,
0wwPcA6wtMf6HUMpIRdeP7,6YAG0Li1BoUkmhc8iycY6l,5/10/2023,0.903,0.621,2,-8.132,1,0.0578,0.00302,0.000186,0.0504,0.553,134.969,0wwPcA6wtMf6HUMpIRdeP7,267067,4,0.02,0.875,0.105,0.9898
6Nle9hKrkL1wQpwNfEkxjh,6YAG0Li1BoUkmhc8iycY6l,5/11/2023,0.776,0.503,0,-5.732,0,0.237,0.874,0,0.112,0.473,110.134,6Nle9hKrkL1wQpwNfEkxjh,210285,4,0.091,0.766,0.142,0.9668
4GDaDFJ8j0HB0aHOc5bAb2,6YAG0Li1BoUkmhc8iycY6l,5/11/2023,0.603,0.765,7,-6.903,1,0.483,0.411,0.26,0.196,0.582,89.136,4GDaDFJ8j0HB0aHOc5bAb2,53945,4,,,,
16Sfgax8tpRv9MHEPxYqCe,6YAG0Li1BoUkmhc8iycY6l,5/11/2023,0.705,0.654,6,-8.206,0,0.058,0.412,0,0.128,0.563,135.034,16Sfgax8tpRv9MHEPxYqCe,243157,4,,,,
5gYM8191BsTQeYiLgQffBH,6YAG0Li1BoUkmhc8iycY6l,5/11/2023,0.593,0.873,3,-2.467,1,0.038,0.26,2.13E-06,0.0979,0.629,120.06,5gYM8191BsTQeYiLgQffBH,160001,4,,,,
4Aj1eHsMtEmjpJUWdUWiVa,6YAG0Li1BoUkmhc8iycY6l,5/11/2023,0.747,0.224,0,-14.586,1,0.0649,0.58,0.000235,0.235,0.212,105.014,4Aj1eHsMtEmjpJUWdUWiVa,243533,4,,,,
1IlBPaXuM7Fl6tiH9CPQlQ,6YAG0Li1BoUkmhc8iycY6l,5/11/2023,0.712,0.217,7,-12.944,1,0.0813,0.846,5.61E-05,0.265,0.468,136.986,1IlBPaXuM7Fl6tiH9CPQlQ,231448,4,0.045,0.774,0.181,0.9947
1M6omUPXNXAgDQh5f1k4oA,6YAG0Li1BoUkmhc8iycY6l,5/11/2023,0.718,0.421,5,-11.555,1,0.146,0.118,0.000405,0.0889,0.685,86.892,1M6omUPXNXAgDQh5f1k4oA,198557,4,0.072,0.845,0.083,0.5684
1IgePMOW0qEe1AViWgkal9,6YAG0Li1BoUkmhc8iycY6l,5/11/2023,0.529,0.518,10,-7.689,0,0.197,0.222,0.00314,0.316,0.356,89.712,1IgePMOW0qEe1AViWgkal9,245947,4,0.084,0.655,0.261,0.9974
424VcRQlabLy16ymBq3nlS,6YAG0Li1BoUkmhc8iycY6l,5/12/2023,0.608,0.663,11,-6.429,0,0.038,0.496,0.000678,0.304,0.475,108.684,424VcRQlabLy16ymBq3nlS,216126,4,,,,
0QT4G0XKsEs02ApVlOx6Lb,6YAG0Li1BoUkmhc8iycY6l,5/12/2023,0.686,0.527,8,-11.335,1,0.113,0.835,0.000266,0.322,0.847,124.249,0QT4G0XKsEs02ApVlOx6Lb,161802,4,,,,
0d8ONGx43ZprlHlmLZODpD,6YAG0Li1BoUkmhc8iycY6l,5/12/2023,0.599,0.673,1,-8.363,1,0.566,0.229,3.77E-05,0.066,0.262,148.044,0d8ONGx43ZprlHlmLZODpD,276387,4,0.089,0.746,0.165,0.9814
5uu0B0xGa3C3JhTHZhEghE,6YAG0Li1BoUkmhc8iycY6l,5/13/2023,0.761,0.843,5,-2.876,1,0.0477,0.117,0,0.091,0.53,137.05,5uu0B0xGa3C3JhTHZhEghE,220810,4,,,,
6Vmow8PuUaU7W1T2WWLZk2,6YAG0Li1BoUkmhc8iycY6l,5/13/2023,0.603,0.606,9,-6.634,1,0.114,0.799,0,0.391,0.463,80.176,6Vmow8PuUaU7W1T2WWLZk2,161613,4,0.122,0.792,0.086,-0.7511
5yvhdo8FXbBsIllxv2Rr94,6YAG0Li1BoUkmhc8iycY6l,5/13/2023,0.805,0.702,1,-4.877,1,0.0887,0.0658,0,0.123,0.225,120.041,5yvhdo8FXbBsIllxv2Rr94,196133,4,0.091,0.735,0.175,0.9725
0ER7L8JdsFmd2AZtImkhdT,6YAG0Li1BoUkmhc8iycY6l,5/13/2023,0.621,0.525,0,-8.196,0,0.0998,0.482,0,0.0757,0.332,78.994,0ER7L8JdsFmd2AZtImkhdT,75813,1,0.144,0.786,0.07,-0.9275
4v36nWrqRSwPlCQgQsb7Wx,6YAG0Li1BoUkmhc8iycY6l,5/13/2023,0.422,0.75,3,-6.518,0,0.0589,0.338,0.0191,0.388,0.445,169.898,4v36nWrqRSwPlCQgQsb7Wx,286004,4,,,,
4MjwsWg92Z6gZC5RLz38dF,6YAG0Li1BoUkmhc8iycY6l,5/18/2023,0.853,0.637,11,-10.872,0,0.156,0.241,1.50E-05,0.103,0.503,110.02,4MjwsWg92Z6gZC5RLz38dF,160159,4,,,,
0JaN65P0DapRjboDEv2g08,6YAG0Li1BoUkmhc8iycY6l,5/19/2023,0.682,0.251,5,-12.824,1,0.244,0.664,1.06E-05,0.144,0.419,80.041,0JaN65P0DapRjboDEv2g08,157880,4,0.041,0.855,0.105,0.9234
2igRi4SLvLCGrL5SGcNhv3,6YAG0Li1BoUkmhc8iycY6l,5/19/2023,0.61,0.954,4,-2.903,0,0.0628,0.0641,5.51E-05,0.124,0.748,112.007,2igRi4SLvLCGrL5SGcNhv3,183224,4,0.048,0.665,0.287,0.91
2FUHFEMdXa930HlZVooFPn,6YAG0Li1BoUkmhc8iycY6l,5/20/2023,0.614,0.607,3,-7.837,0,0.0346,0.657,0.00124,0.336,0.873,159.763,2FUHFEMdXa930HlZVooFPn,74334,3,,,,
2fXwCWkh6YG5zU1IyvQrbs,6YAG0Li1BoUkmhc8iycY6l,5/20/2023,0.684,0.683,6,-7.366,1,0.177,0.13,0,0.156,0.406,112.856,2fXwCWkh6YG5zU1IyvQrbs,231253,4,0.032,0.628,0.34,0.9996
3QCkvCkKJjkRTngZRM5wVJ,6YAG0Li1BoUkmhc8iycY6l,5/21/2023,0.72,0.818,11,-7.641,0,0.14,0.201,0.117,0.151,0.655,94.342,3QCkvCkKJjkRTngZRM5wVJ,227998,4,,,,
3VeuvRWfJLSOzeVPrgi5MR,6YAG0Li1BoUkmhc8iycY6l,5/21/2023,0.817,0.455,11,-6.541,1,0.201,0.0682,2.27E-06,0.12,0.705,129.823,3VeuvRWfJLSOzeVPrgi5MR,150133,4,,,,
1MVpa4w2TsjgUoJxMRAP0Z,6YAG0Li1BoUkmhc8iycY6l,5/21/2023,0.696,0.581,8,-5.257,0,0.199,0.363,0,0.108,0.815,144.856,1MVpa4w2TsjgUoJxMRAP0Z,147107,4,,,,
7KA4W4McWYRpgf0fWsJZWB,6YAG0Li1BoUkmhc8iycY6l,5/20/2023,0.558,0.559,6,-9.222,1,0.0959,0.371,7.49E-06,0.109,0.62,78.558,7KA4W4McWYRpgf0fWsJZWB,180387,4,0.105,0.737,0.159,0.8642
5GUYJTQap5F3RDQiCOJhrS,6YAG0Li1BoUkmhc8iycY6l,5/21/2023,0.572,0.209,8,-10.413,1,0.0313,0.765,0,0.356,0.446,80.069,5GUYJTQap5F3RDQiCOJhrS,249668,4,0.084,0.859,0.057,0.1164
3eze1OsZ1rqeXkKStNfTmi,6YAG0Li1BoUkmhc8iycY6l,5/21/2023,0.505,0.397,5,-9.349,1,0.324,0.716,0,0.0853,0.558,95.063,3eze1OsZ1rqeXkKStNfTmi,219683,1,0.044,0.803,0.153,0.9947
3XzhyJvcEb5Pu4eQ5xvWJX,6YAG0Li1BoUkmhc8iycY6l,5/22/2023,0.794,0.725,11,-9.859,1,0.095,0.253,0.00965,0.104,0.409,100.015,3XzhyJvcEb5Pu4eQ5xvWJX,213587,4,,,,
3XAFrOZbJYdMaHGP4qutqs,6YAG0Li1BoUkmhc8iycY6l,5/23/2023,0.51,0.666,4,-7.474,0,0.0638,0.0248,0.058,0.0758,0.106,103.584,3XAFrOZbJYdMaHGP4qutqs,180696,4,,,,
6FBzhcfgGacfXF3AmtfEaX,6YAG0Li1BoUkmhc8iycY6l,5/24/2023,0.414,0.473,11,-8.911,0,0.116,0.663,0.0523,0.128,0.409,100,6FBzhcfgGacfXF3AmtfEaX,129698,4,,,,
3CLd7BfvgsBwBUI8kwFLU6,6YAG0Li1BoUkmhc8iycY6l,5/24/2023,0.776,0.724,7,-4.874,1,0.216,0.455,0,0.109,0.677,74.987,3CLd7BfvgsBwBUI8kwFLU6,227779,4,,,,
5Ck3e6z1bcSCes5gdo0Ddt,6YAG0Li1BoUkmhc8iycY6l,5/24/2023,0.633,0.576,6,-7.837,1,0.0522,0.264,3.37E-05,0.127,0.296,119.799,5Ck3e6z1bcSCes5gdo0Ddt,256080,4,0.083,0.749,0.168,0.9953
70mSuZmwSBVV8cdTw0OHpS,6YAG0Li1BoUkmhc8iycY6l,5/24/2023,0.713,0.786,5,-8.15,0,0.214,0.424,3.03E-05,0.67,0.743,131.108,70mSuZmwSBVV8cdTw0OHpS,269271,4,,,,
3I8yVFjvJoOBM9tX4ZpxEL,6YAG0Li1BoUkmhc8iycY6l,5/25/2023,0.784,0.94,9,-7.327,0,0.054,0.0716,0.000171,0.133,0.979,137.003,3I8yVFjvJoOBM9tX4ZpxEL,140182,4,,,,
5mSJgLW43dmFEMK50ECr0S,6YAG0Li1BoUkmhc8iycY6l,5/25/2023,0.629,0.749,1,-5.414,1,0.0674,0.0498,0.0104,0.494,0.69,130.016,5mSJgLW43dmFEMK50ECr0S,206769,4,,,,
3FkTxVBsQHrwMh3IyfKO81,6YAG0Li1BoUkmhc8iycY6l,5/26/2023,0.603,0.783,6,-4.023,1,0.062,0.449,7.96E-06,0.119,0.775,172.041,3FkTxVBsQHrwMh3IyfKO81,173104,4,,,,
2aGdUcIFCB8vjxqibN3JhZ,6YAG0Li1BoUkmhc8iycY6l,5/27/2023,0.596,0.533,9,-8.391,1,0.0372,0.592,0.0113,0.31,0.205,139.935,2aGdUcIFCB8vjxqibN3JhZ,280074,4,,,,
1DRW9bQzt2SE8f7H4KJZyL,6YAG0Li1BoUkmhc8iycY6l,5/27/2023,0.629,0.717,6,-5.706,1,0.0638,0.0876,0,0.358,0.129,145.959,1DRW9bQzt2SE8f7H4KJZyL,260077,4,0.062,0.715,0.223,0.9976
0c6DDLA4rsGGNXWZM5oZdS,6YAG0Li1BoUkmhc8iycY6l,5/27/2023,0.718,0.773,6,-6.512,1,0.426,0.487,0,0.0926,0.764,74.857,0c6DDLA4rsGGNXWZM5oZdS,218371,4,,,,
3E895HtTn6lB40SA0l9EkL,6YAG0Li1BoUkmhc8iycY6l,5/28/2023,0.395,0.409,6,-8.58,1,0.056,0.708,1.62E-05,0.0982,0.193,74.088,3E895HtTn6lB40SA0l9EkL,226116,4,0.038,0.771,0.191,0.9903
1jQfgl9WRle7D8a3GXLwaD,6YAG0Li1BoUkmhc8iycY6l,5/28/2023,0.498,0.292,5,-10.656,1,0.031,0.511,1.90E-05,0.256,0.348,68.963,1jQfgl9WRle7D8a3GXLwaD,280587,4,0.046,0.767,0.187,0.9921
1Mza2sr6tPhy6jjI3HB9fW,6YAG0Li1BoUkmhc8iycY6l,5/28/2023,0.463,0.427,8,-9.799,0,0.0549,0.628,0.000565,0.0911,0.231,116.059,1Mza2sr6tPhy6jjI3HB9fW,231268,4,0.057,0.676,0.267,0.9978
6R6ihJhRbgu7JxJKIbW57w,6YAG0Li1BoUkmhc8iycY6l,5/28/2023,0.654,0.325,2,-11.925,1,0.282,0.74,2.14E-05,0.152,0.39,139.886,6R6ihJhRbgu7JxJKIbW57w,243238,4,,,,
59acp1OhcvxwVBwQJBYKuX,6YAG0Li1BoUkmhc8iycY6l,5/28/2023,0.198,0.162,1,-15.815,1,0.0343,0.926,0.00896,0.135,0.0527,70.453,59acp1OhcvxwVBwQJBYKuX,185523,1,0.158,0.696,0.146,0.2003
1RMJOxR6GRPsBHL8qeC2ux,6YAG0Li1BoUkmhc8iycY6l,5/30/2023,0.524,0.364,7,-10.209,1,0.0367,0.808,0,0.1,0.436,75.24,1RMJOxR6GRPsBHL8qeC2ux,209831,4,0.051,0.667,0.282,0.9983
2EEeOnHehOozLq4aS0n6SL,6YAG0Li1BoUkmhc8iycY6l,5/30/2023,0.746,0.653,7,-6.745,1,0.289,0.378,0,0.229,0.672,75.016,2EEeOnHehOozLq4aS0n6SL,253107,4,,,,
5rkO3frgsxvadoYTBmfrRS,6YAG0Li1BoUkmhc8iycY6l,5/30/2023,0.606,0.598,3,-6.402,0,0.0371,0.00255,0.000176,0.0856,0.364,141.956,5rkO3frgsxvadoYTBmfrRS,216338,4,,,,
6gU9OKjOE7ghfEd55oRO57,6YAG0Li1BoUkmhc8iycY6l,5/30/2023,0.487,0.366,8,-9.405,0,0.0531,0.241,0,0.126,0.161,68.191,6gU9OKjOE7ghfEd55oRO57,272187,5,0.059,0.79,0.151,0.9835
4xyoLXrUb0cpROQwZe1ggb,7Iw0yI71QX59zyFq0kAZTS,6/2/2023,0.496,0.65,5,-3.867,1,0.103,0.254,8.68E-06,0.101,0.551,134.9,4xyoLXrUb0cpROQwZe1ggb,214707,4,,,,
0R3OnUm6RgIpRFcckCoi0x,7Iw0yI71QX59zyFq0kAZTS,6/2/2023,0.653,0.265,4,-12.324,0,0.0709,0.702,0.000215,0.0963,0.367,99.732,0R3OnUm6RgIpRFcckCoi0x,304653,4,0.055,0.8,0.145,0.9901
6R6ihJhRbgu7JxJKIbW57w,7Iw0yI71QX59zyFq0kAZTS,6/2/2023,0.654,0.325,2,-11.925,1,0.282,0.74,2.14E-05,0.152,0.39,139.886,6R6ihJhRbgu7JxJKIbW57w,243238,4,,,,
3E895HtTn6lB40SA0l9EkL,7Iw0yI71QX59zyFq0kAZTS,6/2/2023,0.395,0.409,6,-8.58,1,0.056,0.708,1.62E-05,0.0982,0.193,74.088,3E895HtTn6lB40SA0l9EkL,226116,4,0.038,0.771,0.191,0.9903
2EEeOnHehOozLq4aS0n6SL,7Iw0yI71QX59zyFq0kAZTS,6/2/2023,0.746,0.653,7,-6.745,1,0.289,0.378,0,0.229,0.672,75.016,2EEeOnHehOozLq4aS0n6SL,253107,4,,,,
5rkO3frgsxvadoYTBmfrRS,7Iw0yI71QX59zyFq0kAZTS,6/2/2023,0.606,0.598,3,-6.402,0,0.0371,0.00255,0.000176,0.0856,0.364,141.956,5rkO3frgsxvadoYTBmfrRS,216338,4,,,,
0c6DDLA4rsGGNXWZM5oZdS,7Iw0yI71QX59zyFq0kAZTS,6/2/2023,0.718,0.773,6,-6.512,1,0.426,0.487,0,0.0926,0.764,74.857,0c6DDLA4rsGGNXWZM5oZdS,218371,4,,,,
3FkTxVBsQHrwMh3IyfKO81,7Iw0yI71QX59zyFq0kAZTS,6/2/2023,0.603,0.783,6,-4.023,1,0.062,0.449,7.96E-06,0.119,0.775,172.041,3FkTxVBsQHrwMh3IyfKO81,173104,4,,,,
3I8yVFjvJoOBM9tX4ZpxEL,7Iw0yI71QX59zyFq0kAZTS,6/2/2023,0.784,0.94,9,-7.327,0,0.054,0.0716,0.000171,0.133,0.979,137.003,3I8yVFjvJoOBM9tX4ZpxEL,140182,4,,,,
3XAFrOZbJYdMaHGP4qutqs,7Iw0yI71QX59zyFq0kAZTS,6/2/2023,0.51,0.666,4,-7.474,0,0.0638,0.0248,0.058,0.0758,0.106,103.584,3XAFrOZbJYdMaHGP4qutqs,180696,4,,,,
4MjwsWg92Z6gZC5RLz38dF,7Iw0yI71QX59zyFq0kAZTS,6/2/2023,0.853,0.637,11,-10.872,0,0.156,0.241,1.50E-05,0.103,0.503,110.02,4MjwsWg92Z6gZC5RLz38dF,160159,4,,,,
2fXwCWkh6YG5zU1IyvQrbs,7Iw0yI71QX59zyFq0kAZTS,6/2/2023,0.684,0.683,6,-7.366,1,0.177,0.13,0,0.156,0.406,112.856,2fXwCWkh6YG5zU1IyvQrbs,231253,4,0.032,0.628,0.34,0.9996
0oqkw7Q8tQ7mcWYEx0QXxI,7Iw0yI71QX59zyFq0kAZTS,6/2/2023,0.81,0.308,0,-8.194,1,0.0818,0.354,0,0.0899,0.56,120.012,0oqkw7Q8tQ7mcWYEx0QXxI,204000,4,,,,
1MVpa4w2TsjgUoJxMRAP0Z,7Iw0yI71QX59zyFq0kAZTS,6/2/2023,0.696,0.581,8,-5.257,0,0.199,0.363,0,0.108,0.815,144.856,1MVpa4w2TsjgUoJxMRAP0Z,147107,4,,,,
6Nle9hKrkL1wQpwNfEkxjh,7Iw0yI71QX59zyFq0kAZTS,6/2/2023,0.776,0.503,0,-5.732,0,0.237,0.874,0,0.112,0.473,110.134,6Nle9hKrkL1wQpwNfEkxjh,210285,4,0.091,0.766,0.142,0.9668
4sln3hvqGxLEUCcAmTO4pR,7Iw0yI71QX59zyFq0kAZTS,6/2/2023,0.75,0.606,6,-9.928,1,0.0726,0.153,0.000289,0.316,0.115,119.99,4sln3hvqGxLEUCcAmTO4pR,231189,4,0.054,0.813,0.133,0.9696
6PGoSes0D9eUDeeAafB2As,7Iw0yI71QX59zyFq0kAZTS,6/2/2023,0.798,0.582,10,-7.38,1,0.103,0.29,0,0.153,0.766,126.075,6PGoSes0D9eUDeeAafB2As,213400,4,,,,
7KXjTSCq5nL1LoYtL7XAwS,7Iw0yI71QX59zyFq0kAZTS,6/2/2023,0.904,0.611,1,-6.842,0,0.0888,0.000259,2.03E-05,0.0976,0.4,150.02,7KXjTSCq5nL1LoYtL7XAwS,177000,4,0.152,0.806,0.042,-0.9975
5PnBpKOVvQxeFvXVNYSoxs,7Iw0yI71QX59zyFq0kAZTS,6/6/2023,0.418,0.794,11,-4.973,1,0.0816,0.08,0,0.329,0.178,129.434,5PnBpKOVvQxeFvXVNYSoxs,241846,4,0.199,0.584,0.216,0.6124
7zFXmv6vqI4qOt4yGf3jYZ,7Iw0yI71QX59zyFq0kAZTS,6/12/2023,0.658,0.294,4,-8.533,0,0.0321,0.422,5.20E-05,0.0749,0.358,74.038,7zFXmv6vqI4qOt4yGf3jYZ,278180,4,0.038,0.836,0.125,0.9768
6wOdpwaVrRtWlVSQNMBNQU,7Iw0yI71QX59zyFq0kAZTS,6/12/2023,0.424,0.606,6,-6.062,0,0.159,0.106,0.000272,0.144,0.397,213.788,6wOdpwaVrRtWlVSQNMBNQU,342244,4,,,,
22jnEneSABg4vRCR1vow7F,7Iw0yI71QX59zyFq0kAZTS,6/12/2023,0.688,0.425,4,-8.134,0,0.027,0.748,0.00548,0.101,0.179,129.975,22jnEneSABg4vRCR1vow7F,144000,4,,,,
2qw9wGBNz5dBxocELAauwy,7Iw0yI71QX59zyFq0kAZTS,6/12/2023,0.413,0.822,9,-6.194,1,0.167,0.0712,0.00316,0.494,0.465,89.93,2qw9wGBNz5dBxocELAauwy,349187,4,,,,
15EPc80XuFrb2LmOzGjuRg,7Iw0yI71QX59zyFq0kAZTS,6/13/2023,0.728,0.607,1,-8.417,0,0.132,0.133,0,0.0864,0.445,129.938,15EPc80XuFrb2LmOzGjuRg,176702,4,,,,
564oa00vY05d1uYnTEAAmE,7Iw0yI71QX59zyFq0kAZTS,6/13/2023,0.885,0.595,7,-5.487,1,0.286,0.656,4.42E-06,0.105,0.754,148.034,564oa00vY05d1uYnTEAAmE,183760,4,,,,
6X2oT45uXeP6mnqN4EEj7y,7Iw0yI71QX59zyFq0kAZTS,6/13/2023,0.373,0.72,1,-3.557,1,0.178,0.0379,0.000724,0.373,0.257,152.399,6X2oT45uXeP6mnqN4EEj7y,219429,4,,,,
0AUtK92LWcv3wbpv6NkhKr,7Iw0yI71QX59zyFq0kAZTS,6/13/2023,0.529,0.565,1,-3.128,1,0.039,0.00235,0.917,0.586,0.118,82.513,0AUtK92LWcv3wbpv6NkhKr,269273,4,,,,
6dxm3Z8U4lOJTWo6cGVDCR,7Iw0yI71QX59zyFq0kAZTS,6/13/2023,0.303,0.922,5,-3.933,0,0.433,0.137,0,0.662,0.449,151.586,6dxm3Z8U4lOJTWo6cGVDCR,228782,4,0.104,0.868,0.028,-0.9846
3Zau3JcrZcBfw8aVjKGkSX,7Iw0yI71QX59zyFq0kAZTS,6/15/2023,0.523,0.539,5,-9.642,1,0.564,0.704,1.19E-05,0.0952,0.415,84.266,3Zau3JcrZcBfw8aVjKGkSX,469831,4,,,,
4wLJNd3zIfm68rMi36JtY4,7Iw0yI71QX59zyFq0kAZTS,6/15/2023,0.78,0.773,10,-7.53,0,0.462,0.447,7.28E-05,0.0791,0.729,189.901,4wLJNd3zIfm68rMi36JtY4,223526,4,,,,
6qxCfekkwKMv97syUYhUOd,7Iw0yI71QX59zyFq0kAZTS,6/15/2023,0.722,0.441,1,-13.486,0,0.144,0.269,0.000896,0.5,0.58,140.873,6qxCfekkwKMv97syUYhUOd,159467,4,,,,
6i4SkbWVHe0pEP9PrreQ7A,7Iw0yI71QX59zyFq0kAZTS,6/15/2023,0.877,0.572,11,-8.001,0,0.304,0.559,0,0.093,0.793,135.988,6i4SkbWVHe0pEP9PrreQ7A,164118,4,,,,
6AOcDjTt4jfe9ostQ6eAs7,7Iw0yI71QX59zyFq0kAZTS,6/15/2023,0.583,0.654,2,-6.456,0,0.395,0.605,0,0.103,0.376,97.492,6AOcDjTt4jfe9ostQ6eAs7,200774,5,,,,
6kk47BIRgA2MrQSVtZynwU,7Iw0yI71QX59zyFq0kAZTS,6/15/2023,0.677,0.567,9,-7.108,0,0.0349,0.189,0.000694,0.637,0.508,140.041,6kk47BIRgA2MrQSVtZynwU,248660,4,0.028,0.78,0.193,0.9978
7GPstnufSTScEaw9dMxO9H,7Iw0yI71QX59zyFq0kAZTS,6/16/2023,0.759,0.342,1,-9.044,0,0.0406,0.775,0,0.112,0.22,99.995,7GPstnufSTScEaw9dMxO9H,216234,4,,,,
4Y78NpHMvcukgu4PKymsyl,7Iw0yI71QX59zyFq0kAZTS,6/17/2023,0.629,0.402,7,-10.034,1,0.177,0.546,1.93E-05,0.126,0.14,129.97,4Y78NpHMvcukgu4PKymsyl,182779,4,,,,
0336UwEBwBBao8uWCuugYr,7Iw0yI71QX59zyFq0kAZTS,6/17/2023,0.665,0.488,0,-4.711,0,0.327,0.391,0.000647,0.0952,0.549,151.582,0336UwEBwBBao8uWCuugYr,149320,4,0.037,0.756,0.207,0.9925
0bBgXH6mybXjdngxKF5zBE,7Iw0yI71QX59zyFq0kAZTS,6/17/2023,0.539,0.841,1,-3.613,1,0.138,0.0319,0,0.0967,0.397,77.079,0bBgXH6mybXjdngxKF5zBE,225080,4,0.072,0.847,0.081,0.4703
4cA6e3U7mtJfAOq3dWNAUZ,7Iw0yI71QX59zyFq0kAZTS,6/17/2023,0.556,0.723,0,-5.338,1,0.149,0.0293,0,0.13,0.555,110.628,4cA6e3U7mtJfAOq3dWNAUZ,219596,4,0.047,0.848,0.105,0.986
6piGXG0H9AybPDVnwwIMao,7Iw0yI71QX59zyFq0kAZTS,6/20/2023,0.653,0.553,8,-6.888,0,0.236,0.0799,0,0.313,0.468,118.004,6piGXG0H9AybPDVnwwIMao,197541,4,0.106,0.774,0.12,0.8887
7HIkou7H00pnETZ9UaZz2Z,7Iw0yI71QX59zyFq0kAZTS,6/20/2023,0.683,0.346,0,-13.122,0,0.0783,0.0179,0.000111,0.0827,0.151,72.484,7HIkou7H00pnETZ9UaZz2Z,215905,4,,,,
5OMxP9ANYVptJ5ob1aEFD7,7Iw0yI71QX59zyFq0kAZTS,6/22/2023,0.682,0.346,6,-11.319,1,0.035,0.107,0.486,0.104,0.188,139.774,5OMxP9ANYVptJ5ob1aEFD7,255990,4,,,,
2UcA9wm0llSz31OYs6K2ja,7Iw0yI71QX59zyFq0kAZTS,6/23/2023,0.541,0.588,6,-7.462,1,0.154,0.703,0.000938,0.124,0.288,135.747,2UcA9wm0llSz31OYs6K2ja,152967,3,,,,
5dqNCR3ANsOIMeQLpk54wU,7Iw0yI71QX59zyFq0kAZTS,6/24/2023,0.465,0.213,0,-10.183,1,0.0323,0.856,0.00557,0.0863,0.0803,123.518,5dqNCR3ANsOIMeQLpk54wU,239702,4,,,,
18gcopzbu2DjQjR2DI5pE8,7Iw0yI71QX59zyFq0kAZTS,6/24/2023,0.288,0.215,11,-13.12,1,0.0628,0.969,0.0181,0.0957,0.137,75.774,18gcopzbu2DjQjR2DI5pE8,188557,5,,,,
0utlOiJy2weVl9WTkcEWHy,7Iw0yI71QX59zyFq0kAZTS,6/25/2023,0.894,0.284,11,-13.002,0,0.33,0.358,0.000487,0.11,0.413,138.944,0utlOiJy2weVl9WTkcEWHy,216520,4,0.1,0.822,0.078,-0.9537
7uEBkDFGv5Q2oXfrk5hjQE,7Iw0yI71QX59zyFq0kAZTS,6/26/2023,0.758,0.751,1,-6.154,0,0.0296,0.417,0.0144,0.136,0.729,94.011,7uEBkDFGv5Q2oXfrk5hjQE,183830,4,,,,
2RGe02P8xxSF9syj0ltPjX,7Iw0yI71QX59zyFq0kAZTS,6/27/2023,0.431,0.773,2,-5.002,1,0.0636,0.0264,0,0.348,0.504,111.387,2RGe02P8xxSF9syj0ltPjX,270927,4,,,,
0puyikpyVwe8TTv2tvMHeq,7Iw0yI71QX59zyFq0kAZTS,6/27/2023,0.411,0.618,4,-4.964,0,0.0469,0.109,0,0.279,0.211,120.734,0puyikpyVwe8TTv2tvMHeq,289309,4,,,,
4NVn2zloJfjSFQXpK2RhCP,7Iw0yI71QX59zyFq0kAZTS,6/28/2023,0.745,0.457,1,-9.619,1,0.0424,0.541,0.00856,0.106,0.382,124.021,4NVn2zloJfjSFQXpK2RhCP,319622,4,,,,
67xIb2FoEZtCiMqxE5xajK,7Iw0yI71QX59zyFq0kAZTS,6/28/2023,0.441,0.698,5,-4.298,1,0.0393,0.0209,0,0.109,0.49,136.105,67xIb2FoEZtCiMqxE5xajK,235366,4,,,,
7oQERl1NetudC5UUqqVA5K,7Iw0yI71QX59zyFq0kAZTS,6/28/2023,0.74,0.63,7,-7.955,0,0.175,0.162,4.30E-06,0.205,0.517,130.041,7oQERl1NetudC5UUqqVA5K,213603,4,,,,
0DLcjcjvUywWkPYseSdg7J,7Iw0yI71QX59zyFq0kAZTS,6/28/2023,0.704,0.644,0,-5.543,1,0.102,0.0226,1.04E-06,0.122,0.273,160.058,0DLcjcjvUywWkPYseSdg7J,216959,3,,,,
70Df9vLmOQNMREq7Byvso0,7Iw0yI71QX59zyFq0kAZTS,6/28/2023,0.639,0.493,6,-9.363,1,0.0668,0.0187,5.38E-05,0.522,0.262,134.976,70Df9vLmOQNMREq7Byvso0,196000,4,,,,
07yBB72FxYlDusvF3wHbIo,7Iw0yI71QX59zyFq0kAZTS,6/28/2023,0.568,0.569,0,-10.054,1,0.0665,0.0227,2.51E-05,0.285,0.397,139.545,07yBB72FxYlDusvF3wHbIo,180925,4,,,,
1Y63rJLx2KbigqvlXXwRNX,7Iw0yI71QX59zyFq0kAZTS,6/28/2023,0.667,0.693,2,-7.526,1,0.335,0.714,0,0.107,0.938,84.667,1Y63rJLx2KbigqvlXXwRNX,81241,4,,,,
5X5MEY8qK5Y9m9XFnG95GD,7Iw0yI71QX59zyFq0kAZTS,6/28/2023,0.683,0.643,11,-8.837,0,0.155,0.0353,0.000206,0.159,0.338,163.941,5X5MEY8qK5Y9m9XFnG95GD,196572,4,,,,
42TRtc25JlcHLurf9ILKgD,7Iw0yI71QX59zyFq0kAZTS,6/29/2023,0.609,0.668,0,-6.352,1,0.0352,0.0432,6.68E-05,0.241,0.503,74.059,42TRtc25JlcHLurf9ILKgD,173514,4,,,,
09CqF6VVL6G7NwkCj3M2lU,7Iw0yI71QX59zyFq0kAZTS,6/29/2023,0.765,0.58,1,-7.582,1,0.471,0.177,0,0.162,0.785,63.576,09CqF6VVL6G7NwkCj3M2lU,220157,4,,,,
6dykAIAUe10GWeNUs0Rsre,7Iw0yI71QX59zyFq0kAZTS,6/29/2023,0.752,0.437,9,-7.594,1,0.0466,0.0691,0.00213,0.14,0.366,98.541,6dykAIAUe10GWeNUs0Rsre,193914,4,,,,
2mGdIBIKa8lEkm1xtmIJmU,7Iw0yI71QX59zyFq0kAZTS,6/29/2023,0.805,0.365,6,-12.469,1,0.407,0.602,0,0.714,0.764,94.971,2mGdIBIKa8lEkm1xtmIJmU,268833,4,,,,
3PTW5X4BlDqVkxNoTTqBqb,7Iw0yI71QX59zyFq0kAZTS,6/29/2023,0.442,0.741,9,-5.338,0,0.182,0.156,0,0.411,0.342,103.425,3PTW5X4BlDqVkxNoTTqBqb,261453,4,,,,
5NijSs5dAwaIybq1GaRTIe,7Iw0yI71QX59zyFq0kAZTS,6/29/2023,0.689,0.394,2,-10.102,0,0.065,0.711,0.000905,0.0859,0.382,117.489,5NijSs5dAwaIybq1GaRTIe,212992,3,,,,
1DlMzdRaFpIABvx07jCgvQ,7Iw0yI71QX59zyFq0kAZTS,6/29/2023,0.771,0.88,1,-7.022,1,0.0418,0.000148,1.46E-06,0.0968,0.545,120,1DlMzdRaFpIABvx07jCgvQ,348693,4,,,,
6QbM2D1CI7cbt6c8G1d3EL,7Iw0yI71QX59zyFq0kAZTS,6/29/2023,0.596,0.491,1,-9.554,0,0.16,0.396,9.07E-06,0.152,0.187,165.846,6QbM2D1CI7cbt6c8G1d3EL,147360,4,0,0.744,0.256,0.9972
6blCtImr604pKEQrw4BRuG,7Iw0yI71QX59zyFq0kAZTS,6/29/2023,0.832,0.41,2,-11.449,1,0.4,0.22,0,0.0905,0.663,140.172,6blCtImr604pKEQrw4BRuG,250098,4,,,,
3rqvzD1DX5WyK405im5P5X,69XTCqVzbSWPMLucSvzlLl,7/1/2023,0.503,0.459,1,-10.401,0,0.285,0.568,0,0.0849,0.784,79.731,3rqvzD1DX5WyK405im5P5X,244770,4,,,,
0DLcjcjvUywWkPYseSdg7J,69XTCqVzbSWPMLucSvzlLl,7/1/2023,0.704,0.644,0,-5.543,1,0.102,0.0226,1.04E-06,0.122,0.273,160.058,0DLcjcjvUywWkPYseSdg7J,216959,3,,,,
1BgMV6wUrefYnBKD9g6sD7,69XTCqVzbSWPMLucSvzlLl,7/1/2023,0.438,0.325,0,-9.206,1,0.0432,0.241,1.11E-06,0.0648,0.142,141.504,1BgMV6wUrefYnBKD9g6sD7,339190,4,0.13,0.745,0.125,-0.8969
6blCtImr604pKEQrw4BRuG,69XTCqVzbSWPMLucSvzlLl,7/1/2023,0.832,0.41,2,-11.449,1,0.4,0.22,0,0.0905,0.663,140.172,6blCtImr604pKEQrw4BRuG,250098,4,,,,
70Df9vLmOQNMREq7Byvso0,69XTCqVzbSWPMLucSvzlLl,7/1/2023,0.639,0.493,6,-9.363,1,0.0668,0.0187,5.38E-05,0.522,0.262,134.976,70Df9vLmOQNMREq7Byvso0,196000,4,,,,
09CqF6VVL6G7NwkCj3M2lU,69XTCqVzbSWPMLucSvzlLl,7/1/2023,0.765,0.58,1,-7.582,1,0.471,0.177,0,0.162,0.785,63.576,09CqF6VVL6G7NwkCj3M2lU,220157,4,,,,
6dykAIAUe10GWeNUs0Rsre,69XTCqVzbSWPMLucSvzlLl,7/1/2023,0.752,0.437,9,-7.594,1,0.0466,0.0691,0.00213,0.14,0.366,98.541,6dykAIAUe10GWeNUs0Rsre,193914,4,,,,
4NVn2zloJfjSFQXpK2RhCP,69XTCqVzbSWPMLucSvzlLl,7/1/2023,0.745,0.457,1,-9.619,1,0.0424,0.541,0.00856,0.106,0.382,124.021,4NVn2zloJfjSFQXpK2RhCP,319622,4,,,,
5X5MEY8qK5Y9m9XFnG95GD,69XTCqVzbSWPMLucSvzlLl,7/1/2023,0.683,0.643,11,-8.837,0,0.155,0.0353,0.000206,0.159,0.338,163.941,5X5MEY8qK5Y9m9XFnG95GD,196572,4,,,,
07yBB72FxYlDusvF3wHbIo,69XTCqVzbSWPMLucSvzlLl,7/1/2023,0.568,0.569,0,-10.054,1,0.0665,0.0227,2.51E-05,0.285,0.397,139.545,07yBB72FxYlDusvF3wHbIo,180925,4,,,,
1Y63rJLx2KbigqvlXXwRNX,69XTCqVzbSWPMLucSvzlLl,7/1/2023,0.667,0.693,2,-7.526,1,0.335,0.714,0,0.107,0.938,84.667,1Y63rJLx2KbigqvlXXwRNX,81241,4,,,,
6QbM2D1CI7cbt6c8G1d3EL,69XTCqVzbSWPMLucSvzlLl,7/1/2023,0.596,0.491,1,-9.554,0,0.16,0.396,9.07E-06,0.152,0.187,165.846,6QbM2D1CI7cbt6c8G1d3EL,147360,4,0,0.744,0.256,0.9972
1DlMzdRaFpIABvx07jCgvQ,69XTCqVzbSWPMLucSvzlLl,7/1/2023,0.771,0.88,1,-7.022,1,0.0418,0.000148,1.46E-06,0.0968,0.545,120,1DlMzdRaFpIABvx07jCgvQ,348693,4,,,,
7oQERl1NetudC5UUqqVA5K,69XTCqVzbSWPMLucSvzlLl,7/1/2023,0.74,0.63,7,-7.955,0,0.175,0.162,4.30E-06,0.205,0.517,130.041,7oQERl1NetudC5UUqqVA5K,213603,4,,,,
2RGe02P8xxSF9syj0ltPjX,69XTCqVzbSWPMLucSvzlLl,7/1/2023,0.431,0.773,2,-5.002,1,0.0636,0.0264,0,0.348,0.504,111.387,2RGe02P8xxSF9syj0ltPjX,270927,4,,,,
0puyikpyVwe8TTv2tvMHeq,69XTCqVzbSWPMLucSvzlLl,7/1/2023,0.411,0.618,4,-4.964,0,0.0469,0.109,0,0.279,0.211,120.734,0puyikpyVwe8TTv2tvMHeq,289309,4,,,,
564oa00vY05d1uYnTEAAmE,69XTCqVzbSWPMLucSvzlLl,7/2/2023,0.885,0.595,7,-5.487,1,0.286,0.656,4.42E-06,0.105,0.754,148.034,564oa00vY05d1uYnTEAAmE,183760,4,,,,
6i4SkbWVHe0pEP9PrreQ7A,69XTCqVzbSWPMLucSvzlLl,7/2/2023,0.877,0.572,11,-8.001,0,0.304,0.559,0,0.093,0.793,135.988,6i4SkbWVHe0pEP9PrreQ7A,164118,4,,,,
3Zau3JcrZcBfw8aVjKGkSX,69XTCqVzbSWPMLucSvzlLl,7/2/2023,0.523,0.539,5,-9.642,1,0.564,0.704,1.19E-05,0.0952,0.415,84.266,3Zau3JcrZcBfw8aVjKGkSX,469831,4,,,,
0336UwEBwBBao8uWCuugYr,69XTCqVzbSWPMLucSvzlLl,7/2/2023,0.665,0.488,0,-4.711,0,0.327,0.391,0.000647,0.0952,0.549,151.582,0336UwEBwBBao8uWCuugYr,149320,4,0.037,0.756,0.207,0.9925
18gcopzbu2DjQjR2DI5pE8,69XTCqVzbSWPMLucSvzlLl,7/2/2023,0.288,0.215,11,-13.12,1,0.0628,0.969,0.0181,0.0957,0.137,75.774,18gcopzbu2DjQjR2DI5pE8,188557,5,,,,
5FpanIzR7msLbt3XMdFBfv,69XTCqVzbSWPMLucSvzlLl,7/2/2023,0.704,0.791,9,-4.776,1,0.175,0.859,0,0.225,0.543,98.026,5FpanIzR7msLbt3XMdFBfv,197825,4,,,,
6tsbOXcP0OWGsYBOFrbRIR,69XTCqVzbSWPMLucSvzlLl,7/3/2023,0.571,0.536,10,-10.317,0,0.057,0.27,0.0306,0.34,0.465,152.125,6tsbOXcP0OWGsYBOFrbRIR,186000,4,0,0.76,0.24,0.9728
7iYlacahYFEKx8cpRNC2Tx,69XTCqVzbSWPMLucSvzlLl,7/3/2023,0.638,0.599,1,-4.868,1,0.0334,0.195,0.14,0.106,0.284,169.1,7iYlacahYFEKx8cpRNC2Tx,184269,4,,,,
3cQmqM0awej9iAESjhKrI9,69XTCqVzbSWPMLucSvzlLl,7/3/2023,0.666,0.39,5,-8.575,1,0.0838,0.272,9.39E-06,0.111,0.325,113.866,3cQmqM0awej9iAESjhKrI9,209885,4,0.077,0.702,0.221,0.9812
1mTymOohmNmDtuxDIGAEgK,69XTCqVzbSWPMLucSvzlLl,7/4/2023,0.766,0.425,5,-11.033,0,0.379,0.442,0.000208,0.171,0.63,77.104,1mTymOohmNmDtuxDIGAEgK,214500,4,,,,
4K1J4jNVi02rBWxTtTa4U1,69XTCqVzbSWPMLucSvzlLl,7/4/2023,0.553,0.616,2,-6.08,1,0.32,0.907,0,0.0773,0.324,81.608,4K1J4jNVi02rBWxTtTa4U1,206415,4,,,,
34yAAS72vZUXvsQPHGZexE,69XTCqVzbSWPMLucSvzlLl,7/4/2023,0.473,0.477,0,-8.078,0,0.249,0.224,0,0.265,0.678,183.722,34yAAS72vZUXvsQPHGZexE,203653,4,0.119,0.703,0.179,0.9896
3PfcqdwpjLepyjNwMnj4kG,69XTCqVzbSWPMLucSvzlLl,7/5/2023,0.781,0.826,8,-3.088,0,0.0393,0.0219,0,0.378,0.78,102.977,3PfcqdwpjLepyjNwMnj4kG,209448,4,,,,
1RMJOxR6GRPsBHL8qeC2ux,69XTCqVzbSWPMLucSvzlLl,7/5/2023,0.524,0.364,7,-10.209,1,0.0367,0.808,0,0.1,0.436,75.24,1RMJOxR6GRPsBHL8qeC2ux,209831,4,0.051,0.667,0.282,0.9983
0q75NwOoFiARAVp4EXU4Bs,69XTCqVzbSWPMLucSvzlLl,7/7/2023,0.795,0.594,0,-6.2,1,0.0747,0.111,0,0.162,0.409,135.002,0q75NwOoFiARAVp4EXU4Bs,275080,4,0.129,0.641,0.23,0.9979
6M1sRwraMMNUVCLUvo4e1B,69XTCqVzbSWPMLucSvzlLl,7/18/2023,0.623,0.785,2,-6.479,1,0.247,0.37,0.00494,0.413,0.476,75.056,6M1sRwraMMNUVCLUvo4e1B,217440,4,0.019,0.906,0.075,0.9838
2QjfOoHwnygDutmwzXhWTL,69XTCqVzbSWPMLucSvzlLl,7/5/2023,0.621,0.648,2,-8.465,1,0.25,0.0544,0,0.739,0.503,81.064,2QjfOoHwnygDutmwzXhWTL,193187,4,,,,
22h5rCTgn2V8y0qV6DcPSh,69XTCqVzbSWPMLucSvzlLl,7/5/2023,0.472,0.55,1,-7.58,1,0.261,0.559,0.000137,0.144,0.217,92.302,22h5rCTgn2V8y0qV6DcPSh,249351,5,0.038,0.89,0.072,0.8145
0UQSyryW2vxE88AVFSZs3T,69XTCqVzbSWPMLucSvzlLl,7/7/2023,0.803,0.69,3,-5.89,1,0.269,0.0781,0,0.117,0.444,103.985,0UQSyryW2vxE88AVFSZs3T,242200,4,,,,
0Kz9aGVgFvndWkcaiylIt5,69XTCqVzbSWPMLucSvzlLl,7/7/2023,0.387,0.505,7,-8.579,1,0.247,0.259,0.000133,0.564,0.158,84.942,0Kz9aGVgFvndWkcaiylIt5,350912,4,0.092,0.732,0.176,0.9838
2XLFuIUMIUjznzvdY9WNkN,69XTCqVzbSWPMLucSvzlLl,7/7/2023,0.784,0.663,7,-5.088,1,0.0537,0.0428,0,0.0457,0.392,144.003,2XLFuIUMIUjznzvdY9WNkN,227254,4,,,,
6R6ihJhRbgu7JxJKIbW57w,69XTCqVzbSWPMLucSvzlLl,7/7/2023,0.654,0.325,2,-11.925,1,0.282,0.74,2.14E-05,0.152,0.39,139.886,6R6ihJhRbgu7JxJKIbW57w,243238,4,,,,
33pDmPx2pkJ7JCAQpRDQ9B,69XTCqVzbSWPMLucSvzlLl,7/7/2023,0.681,0.621,1,-10.024,1,0.34,0.036,0.00555,0.138,0.428,135.538,33pDmPx2pkJ7JCAQpRDQ9B,298027,4,,,,
1w1hr8DdUGqGF4qyhCvGhP,69XTCqVzbSWPMLucSvzlLl,7/9/2023,0.627,0.243,3,-7.075,1,0.0353,0.759,0,0.08,0.549,94.176,1w1hr8DdUGqGF4qyhCvGhP,199149,4,,,,
5sCab5LlHPDB6NjvrZMwdX,69XTCqVzbSWPMLucSvzlLl,7/10/2023,0.654,0.605,2,-9.031,1,0.136,0.377,0,0.0891,0.457,90.016,5sCab5LlHPDB6NjvrZMwdX,233227,4,,,,
3pMwo7Y6vWquLxWXOBJQd0,69XTCqVzbSWPMLucSvzlLl,7/11/2023,0.618,0.513,0,-6.58,0,0.13,0.196,0.0593,0.139,0.245,96.964,3pMwo7Y6vWquLxWXOBJQd0,252329,4,0.1,0.677,0.223,0.9908
1acb8u70kClk6NjITaZyuG,69XTCqVzbSWPMLucSvzlLl,7/12/2023,0.507,0.972,8,-2.723,1,0.087,0.0576,1.65E-05,0.14,0.797,120.076,1acb8u70kClk6NjITaZyuG,201760,4,,,,
0PJIbOdMs3bd5AT8liULMQ,69XTCqVzbSWPMLucSvzlLl,7/13/2023,0.715,0.703,5,-3.825,1,0.0503,0.192,0,0.113,0.596,119.749,0PJIbOdMs3bd5AT8liULMQ,238320,4,0.094,0.71,0.196,0.9915
1PFtkFIyVEf672rkorlJB8,69XTCqVzbSWPMLucSvzlLl,7/13/2023,0.704,0.517,1,-7.581,1,0.04,0.00443,0.0199,0.108,0.305,145.95,1PFtkFIyVEf672rkorlJB8,180025,4,,,,
1ZEDIDPTVlmIs6VoqR56Y6,69XTCqVzbSWPMLucSvzlLl,7/14/2023,0.764,0.153,0,-12.392,1,0.0523,0.917,0.000134,0.118,0.24,84.249,1ZEDIDPTVlmIs6VoqR56Y6,198664,4,,,,
1LJdXxqYLqC1hP7dqawFBS,69XTCqVzbSWPMLucSvzlLl,7/14/2023,0.644,0.358,7,-13.502,1,0.237,0.746,2.83E-05,0.123,0.689,149.938,1LJdXxqYLqC1hP7dqawFBS,65787,4,,,,
3bIFx1NCUVEAsIj5sd4vy7,69XTCqVzbSWPMLucSvzlLl,7/15/2023,0.483,0.83,9,-5.953,1,0.0333,0.29,0.724,0.104,0.797,154.041,3bIFx1NCUVEAsIj5sd4vy7,224642,4,,,,
319gh8XkpWP4lOgEFid5u0,69XTCqVzbSWPMLucSvzlLl,7/15/2023,0.54,0.817,5,-4.844,1,0.0337,0.212,0.152,0.243,0.511,107.028,319gh8XkpWP4lOgEFid5u0,204673,4,,,,
1HOUzEsetdIPSpAgRPhZQt,69XTCqVzbSWPMLucSvzlLl,7/15/2023,0.708,0.612,5,-6.379,0,0.122,0.0381,0,0.277,0.263,139.913,1HOUzEsetdIPSpAgRPhZQt,229013,4,0.08,0.766,0.154,0.9968
2fiEhRtZzh480MuKScqr8W,69XTCqVzbSWPMLucSvzlLl,7/15/2023,0.555,0.434,9,-13.79,0,0.333,0.528,0,0.102,0.125,100.516,2fiEhRtZzh480MuKScqr8W,116926,4,,,,
0j4mfXEgjfzO9Lx5mhQDtx,69XTCqVzbSWPMLucSvzlLl,7/15/2023,0.46,0.328,0,-12.415,0,0.292,0.817,1.23E-05,0.371,0.486,151.66,0j4mfXEgjfzO9Lx5mhQDtx,185093,5,,,,
572iBRekFxU31HurgU5CZj,69XTCqVzbSWPMLucSvzlLl,7/15/2023,0.736,0.433,1,-13.486,1,0.192,0.0133,4.42E-05,0.0997,0.323,106.977,572iBRekFxU31HurgU5CZj,119510,4,,,,
5M9iN9xTsJ0pnqViqj8HSp,69XTCqVzbSWPMLucSvzlLl,7/18/2023,0.817,0.542,9,-10.07,0,0.263,0.0795,2.06E-05,0.302,0.481,115.009,5M9iN9xTsJ0pnqViqj8HSp,292174,4,,,,
3OQdQYHxBUN5YZDmbjc08z,69XTCqVzbSWPMLucSvzlLl,7/19/2023,0.715,0.684,2,-8.138,1,0.549,0.152,0,0.473,0.767,89.963,3OQdQYHxBUN5YZDmbjc08z,130342,4,,,,
4MNH1X5bGbEkay8upCbK4Q,69XTCqVzbSWPMLucSvzlLl,7/16/2023,0.701,0.692,9,-7.526,0,0.0372,0.179,0.00999,0.0994,0.561,114.96,4MNH1X5bGbEkay8upCbK4Q,305467,4,,,,
3AGEHHqBOnAmQiJxxbasJu,69XTCqVzbSWPMLucSvzlLl,7/16/2023,0.725,0.641,7,-6.135,0,0.0481,0.194,0.00498,0.091,0.786,87.732,3AGEHHqBOnAmQiJxxbasJu,218653,4,0.318,0.649,0.034,-0.9962
6vAAM9T0LZeZEM6lsGa3gq,69XTCqVzbSWPMLucSvzlLl,7/17/2023,0.558,0.506,9,-9.875,1,0.216,0.859,0.123,0.266,0.448,173.25,6vAAM9T0LZeZEM6lsGa3gq,189282,4,,,,
737Mf0K9ChvqFec7dB2akx,69XTCqVzbSWPMLucSvzlLl,7/18/2023,0.724,0.646,11,-6.071,0,0.256,0.306,0,0.126,0.47,100.006,737Mf0K9ChvqFec7dB2akx,163200,4,,,,
2TGBmFcWHLsF68Pnk7MXZv,69XTCqVzbSWPMLucSvzlLl,7/18/2023,0.661,0.405,9,-9.319,0,0.263,0.575,0,0.108,0.427,148.019,2TGBmFcWHLsF68Pnk7MXZv,265840,4,0.091,0.705,0.204,0.9967
2E0CR0I90j33ffEc1F3Pr4,69XTCqVzbSWPMLucSvzlLl,7/18/2023,0.658,0.444,10,-12.058,0,0.222,0.561,0,0.244,0.705,149.83,2E0CR0I90j33ffEc1F3Pr4,168229,4,,,,
3pkbfqWxPWu0jLUbVayQaG,69XTCqVzbSWPMLucSvzlLl,7/18/2023,0.581,0.407,7,-9.451,0,0.0379,0.643,1.49E-06,0.139,0.292,94.935,3pkbfqWxPWu0jLUbVayQaG,224842,4,,,,
4hP7NIeToP2hU6lyvIHPyp,69XTCqVzbSWPMLucSvzlLl,7/18/2023,0.703,0.331,8,-9.72,1,0.514,0.445,0,0.322,0.18,80.118,4hP7NIeToP2hU6lyvIHPyp,259339,4,,,,
3YbCTWvqacBmKNBkQEYXPU,69XTCqVzbSWPMLucSvzlLl,7/19/2023,0.759,0.512,4,-9.694,1,0.0577,0.778,0.000192,0.111,0.274,130.042,3YbCTWvqacBmKNBkQEYXPU,307461,4,,,,
4AGUH2VbL98tBZG3iOrvzg,69XTCqVzbSWPMLucSvzlLl,7/19/2023,0.952,0.53,7,-6.891,1,0.0938,0.062,0.108,0.19,0.515,116.955,4AGUH2VbL98tBZG3iOrvzg,196232,4,,,,
48yTs5eM5W3hAcxzuasi1O,69XTCqVzbSWPMLucSvzlLl,7/19/2023,0.809,0.507,11,-7.226,1,0.0446,0.092,0.000569,0.129,0.364,109.973,48yTs5eM5W3hAcxzuasi1O,216607,4,,,,
05xA64s3UzOOmAnh9SIIjn,69XTCqVzbSWPMLucSvzlLl,7/19/2023,0.749,0.399,8,-7.526,1,0.0393,0.261,0.0126,0.0949,0.816,89.972,05xA64s3UzOOmAnh9SIIjn,302001,4,,,,
1diTo3j1UcNfrtt4BZ3eE7,69XTCqVzbSWPMLucSvzlLl,7/19/2023,0.73,0.367,7,-11.665,1,0.0997,0.0702,1.68E-05,0.108,0.213,84.971,1diTo3j1UcNfrtt4BZ3eE7,177882,4,,,,
3eKC3itDCNmKcqQVP4sb4Z,69XTCqVzbSWPMLucSvzlLl,7/19/2023,0.729,0.496,0,-10.196,1,0.0733,0.152,0.0531,0.115,0.559,81.052,3eKC3itDCNmKcqQVP4sb4Z,219214,4,,,,
57odIsNox07FjETxo2SyPR,69XTCqVzbSWPMLucSvzlLl,7/19/2023,0.803,0.695,7,-7.768,1,0.0465,0.0668,0.0013,0.133,0.421,89.999,57odIsNox07FjETxo2SyPR,263941,4,,,,
2MJBTjDGNum1zpODeH3pum,69XTCqVzbSWPMLucSvzlLl,7/20/2023,0.653,0.526,2,-8.504,1,0.0351,0.0148,0.276,0.174,0.395,85.019,2MJBTjDGNum1zpODeH3pum,285093,4,,,,
6tuZKBiS1p6Ig0UtC0ii0Y,69XTCqVzbSWPMLucSvzlLl,7/20/2023,0.946,0.66,6,-7.497,0,0.148,0.0834,6.83E-05,0.0436,0.808,134.973,6tuZKBiS1p6Ig0UtC0ii0Y,157524,4,,,,
3phwC9mMlIwLuTuhReiYia,69XTCqVzbSWPMLucSvzlLl,7/21/2023,0.517,0.598,8,-10.251,0,0.1,0.275,0.000542,0.276,0.528,140.131,3phwC9mMlIwLuTuhReiYia,316045,4,,,,
4We9Os0m2qgDlMJCsYYmvn,69XTCqVzbSWPMLucSvzlLl,7/21/2023,0.817,0.507,6,-7.77,0,0.127,0.0218,0,0.101,0.619,169.974,4We9Os0m2qgDlMJCsYYmvn,149107,4,,,,
60ZZNXIdwgUGkVGRt7foLT,69XTCqVzbSWPMLucSvzlLl,7/21/2023,0.442,0.446,9,-11.354,0,0.786,0.278,0,0.308,0.295,51.539,60ZZNXIdwgUGkVGRt7foLT,161080,4,,,,
6WgkOAIOPoumdilSCdYFPB,69XTCqVzbSWPMLucSvzlLl,7/21/2023,0.693,0.278,3,-11.715,0,0.114,0.79,0,0.366,0.862,85.076,6WgkOAIOPoumdilSCdYFPB,108562,3,,,,
3pXF1nA74528Edde4of9CC,69XTCqVzbSWPMLucSvzlLl,7/22/2023,0.765,0.356,11,-5.556,0,0.196,0.222,0,0.0963,0.19,97.001,3pXF1nA74528Edde4of9CC,198293,4,0.127,0.738,0.134,-0.9183
5ncReJI2y4HJRmLkghRoWG,69XTCqVzbSWPMLucSvzlLl,7/22/2023,0.566,0.675,6,-8.904,1,0.0322,0.00714,0.00338,0.143,0.369,93.893,5ncReJI2y4HJRmLkghRoWG,253787,4,,,,
4f1QbCjIAgQwnf7ms9NXWx,69XTCqVzbSWPMLucSvzlLl,7/22/2023,0.702,0.762,8,-2.733,1,0.0328,0.00196,0.000451,0.142,0.233,95.019,4f1QbCjIAgQwnf7ms9NXWx,164200,4,0.121,0.695,0.184,0.9862
4mSxx3iukE024jhk4ahoQr,69XTCqVzbSWPMLucSvzlLl,7/22/2023,0.643,0.644,0,-4.61,1,0.029,0.0142,0.0897,0.215,0.659,86.974,4mSxx3iukE024jhk4ahoQr,115931,4,,,,
2hrFH10GDq8WyAxX9yQAyN,69XTCqVzbSWPMLucSvzlLl,7/24/2023,0.772,0.84,2,-4.48,1,0.103,0.0218,0,0.288,0.613,129.928,2hrFH10GDq8WyAxX9yQAyN,192459,4,0.099,0.698,0.204,0.9888
2iGTYa6uaC3yKttM2z8hty,69XTCqVzbSWPMLucSvzlLl,7/24/2023,0.787,0.454,10,-5.68,0,0.0301,0.111,0.000481,0.0998,0.425,80.009,2iGTYa6uaC3yKttM2z8hty,181507,4,,,,
2eTLxOZY8owibk7b2iETad,69XTCqVzbSWPMLucSvzlLl,7/24/2023,0.722,0.586,8,-10.339,1,0.0766,0.0166,0.331,0.396,0.594,154.012,2eTLxOZY8owibk7b2iETad,224353,4,,,,
4uQ7wYsuL0DryknoDc11Hk,69XTCqVzbSWPMLucSvzlLl,7/24/2023,0.915,0.54,7,-6.578,1,0.0661,0.445,3.63E-05,0.11,0.111,100.039,4uQ7wYsuL0DryknoDc11Hk,183159,4,0.111,0.733,0.155,0.983
1fpfYMT2RTc5W3Zluq5xVA,69XTCqVzbSWPMLucSvzlLl,7/24/2023,0.685,0.61,2,-9.294,1,0.487,0.235,0,0.164,0.777,127.932,1fpfYMT2RTc5W3Zluq5xVA,213333,4,,,,
6DhurPXVwwIUaXFJ870TkU,69XTCqVzbSWPMLucSvzlLl,7/24/2023,0.655,0.739,10,-6.872,0,0.351,0.911,0,0.13,0.774,80.538,6DhurPXVwwIUaXFJ870TkU,72298,4,,,,
2RISD4aJrioDB54exm5WWM,69XTCqVzbSWPMLucSvzlLl,7/25/2023,0.627,0.837,1,-7.162,1,0.36,0.058,0.000567,0.328,0.504,105.105,2RISD4aJrioDB54exm5WWM,184571,4,,,,
5iUQMwxUPdJBFeGkePtM66,69XTCqVzbSWPMLucSvzlLl,7/25/2023,0.836,0.67,5,-6.907,0,0.23,0.00826,0.000355,0.0837,0.556,107.018,5iUQMwxUPdJBFeGkePtM66,305350,4,0.135,0.628,0.237,0.9964
1jkIErXa3YNUX5QIyO6GGR,69XTCqVzbSWPMLucSvzlLl,7/25/2023,0.759,0.245,6,-6.545,1,0.138,0.515,0.000154,0.102,0.209,96.992,1jkIErXa3YNUX5QIyO6GGR,237507,4,,,,
2JR5hmyHQRAwyuGdLL4rR1,69XTCqVzbSWPMLucSvzlLl,7/25/2023,0.303,0.662,1,-6.799,1,0.211,0.145,2.88E-05,0.0916,0.486,171.509,2JR5hmyHQRAwyuGdLL4rR1,218438,5,,,,
3KKHVo4DRM3XCjrqcAGMQ1,69XTCqVzbSWPMLucSvzlLl,7/25/2023,0.447,0.497,7,-9.913,1,0.031,0.00181,0.000559,0.118,0.418,140.076,3KKHVo4DRM3XCjrqcAGMQ1,266098,4,,,,
7BLBIXwIOXPSpTOh1YnKSA,69XTCqVzbSWPMLucSvzlLl,7/26/2023,0.558,0.827,9,-6.595,0,0.14,0.0822,0.000175,0.319,0.156,150.156,7BLBIXwIOXPSpTOh1YnKSA,205984,4,,,,
4mL59LVbKgOpEACxraGYdr,69XTCqVzbSWPMLucSvzlLl,7/26/2023,0.639,0.778,2,-6.004,1,0.194,0.108,1.12E-06,0.108,0.808,128.014,4mL59LVbKgOpEACxraGYdr,236160,4,0.042,0.792,0.166,0.9936
2GsjcR2O2OKYSpd3hXWyMH,69XTCqVzbSWPMLucSvzlLl,7/26/2023,0.622,0.446,9,-9.647,0,0.22,0.318,0.0135,0.0904,0.168,68.85,2GsjcR2O2OKYSpd3hXWyMH,215045,4,,,,
1wmQEa5wqsnhBaNNYVwet5,69XTCqVzbSWPMLucSvzlLl,7/28/2023,0.523,0.687,4,-5.066,1,0.375,0.62,0,0.139,0.562,78.509,1wmQEa5wqsnhBaNNYVwet5,215667,4,,,,
2j0FtLNpLPaSX9rKuIdBFH,69XTCqVzbSWPMLucSvzlLl,7/28/2023,0.72,0.53,5,-7.19,0,0.245,0.00366,0.000171,0.126,0.161,97.994,2j0FtLNpLPaSX9rKuIdBFH,237758,3,,,,
5Fl99IfShZWeH8UFzmmIbq,69XTCqVzbSWPMLucSvzlLl,7/28/2023,0.939,0.724,5,-7.487,0,0.142,0.0342,7.08E-05,0.595,0.814,125.036,5Fl99IfShZWeH8UFzmmIbq,175440,4,,,,
7zAdmuSM43emjVSmwdBhSc,69XTCqVzbSWPMLucSvzlLl,7/28/2023,0.623,0.471,7,-6.245,1,0.0315,0.365,0.00343,0.117,0.393,110.027,7zAdmuSM43emjVSmwdBhSc,206406,4,0.074,0.917,0.009,-0.8842
0DgWa8oXi3wn3Q67MaHRdw,69XTCqVzbSWPMLucSvzlLl,7/29/2023,0.313,0.478,2,-8.497,1,0.0384,0.822,8.33E-06,0.144,0.427,71.074,0DgWa8oXi3wn3Q67MaHRdw,211013,4,,,,
2pg2TiYo9Rb8KeB5JjP7jS,69XTCqVzbSWPMLucSvzlLl,7/29/2023,0.743,0.624,6,-7.403,0,0.0484,0.335,0,0.469,0.713,126.056,2pg2TiYo9Rb8KeB5JjP7jS,276960,4,0.018,0.876,0.107,0.9918
3KQvcYqWgMnG6MCg1aeXif,69XTCqVzbSWPMLucSvzlLl,7/29/2023,0.679,0.513,0,-10.326,1,0.0764,0.153,0.082,0.102,0.622,75.969,3KQvcYqWgMnG6MCg1aeXif,214554,4,0.076,0.78,0.145,0.981
2ZWlPOoWh0626oTaHrnl2a,69XTCqVzbSWPMLucSvzlLl,7/30/2023,0.567,0.388,9,-9.579,0,0.0384,0.782,0.000309,0.248,0.452,116.362,2ZWlPOoWh0626oTaHrnl2a,249191,4,0.071,0.72,0.209,0.9925
1xz905v9g71heS0BQQM9re,69XTCqVzbSWPMLucSvzlLl,7/30/2023,0.46,0.593,8,-7.393,1,0.0363,0.0157,0.000243,0.159,0.0999,104.932,1xz905v9g71heS0BQQM9re,183276,4,0,0.618,0.382,0.9987
7MXVkk9YMctZqd1Srtv4MB,69XTCqVzbSWPMLucSvzlLl,7/30/2023,0.675,0.595,7,-7.033,1,0.284,0.168,3.36E-06,0.136,0.491,185.998,7MXVkk9YMctZqd1Srtv4MB,230453,4,0.152,0.779,0.068,-0.9893
43PuMrRfbyyuz4QpZ3oAwN,69XTCqVzbSWPMLucSvzlLl,7/30/2023,0.53,0.433,6,-10.598,1,0.185,0.108,0,0.135,0.274,160.14,43PuMrRfbyyuz4QpZ3oAwN,194613,4,0.087,0.778,0.135,0.9418
7Asg82VZIPN0sNnNA9IwnW,69XTCqVzbSWPMLucSvzlLl,7/31/2023,0.881,0.889,11,-5.401,1,0.0944,0.0423,1.32E-06,0.108,0.492,106.054,7Asg82VZIPN0sNnNA9IwnW,237733,4,0.105,0.848,0.047,-0.9897
5JPgWqbVPYZT2k2Gjznl7N,69XTCqVzbSWPMLucSvzlLl,7/31/2023,0.658,0.499,6,-8.906,1,0.116,0.161,0,0.118,0.633,109.893,5JPgWqbVPYZT2k2Gjznl7N,204290,5,,,,
4dNwzB7yuTf8jSYZSlok7C,69XTCqVzbSWPMLucSvzlLl,7/31/2023,0.745,0.668,1,-8.682,1,0.287,0.703,0.000127,0.0907,0.338,127.837,4dNwzB7yuTf8jSYZSlok7C,138960,4,,,,
4gRAniZdYF2zVrDUsNC9tU,69XTCqVzbSWPMLucSvzlLl,7/31/2023,0.929,0.572,6,-6.928,0,0.0506,0.017,0.00353,0.122,0.288,128.014,4gRAniZdYF2zVrDUsNC9tU,237231,4,,,,
3LJjEBgenxMGPQdJ4X3nkY,69XTCqVzbSWPMLucSvzlLl,7/31/2023,0.59,0.354,4,-9.498,1,0.285,0.74,0,0.0735,0.26,136.675,3LJjEBgenxMGPQdJ4X3nkY,182145,4,,,,
5nmELUHxIpgZYTOsPPufbQ,69XTCqVzbSWPMLucSvzlLl,7/31/2023,0.753,0.524,7,-11.181,1,0.0697,0.00748,0.425,0.494,0.47,115.977,5nmELUHxIpgZYTOsPPufbQ,196365,4,,,,
7G0WYMIbefi9cyg9f8Qlhv,69XTCqVzbSWPMLucSvzlLl,7/31/2023,0.729,0.432,11,-7.283,0,0.0614,0.374,2.53E-05,0.083,0.623,60.05,7G0WYMIbefi9cyg9f8Qlhv,195120,4,,,,
3lWatHvGLP3GU8qvcO1tIu,69XTCqVzbSWPMLucSvzlLl,8/2/2023,0.559,0.71,11,-6.56,1,0.5,0.76,0,0.104,0.533,140.595,3lWatHvGLP3GU8qvcO1tIu,240769,4,,,,
4f8lrOeyldlSGvOcIAiNA4,69XTCqVzbSWPMLucSvzlLl,8/2/2023,0.581,0.467,1,-9.912,1,0.416,0.767,0,0.108,0.735,139.493,4f8lrOeyldlSGvOcIAiNA4,207981,4,,,,
1UdR2sWnDBRd3m0YxZRkMG,69XTCqVzbSWPMLucSvzlLl,8/9/2023,0.706,0.568,11,-9.797,0,0.0596,0.063,0.00138,0.119,0.554,134.014,1UdR2sWnDBRd3m0YxZRkMG,249269,4,0.007,0.872,0.121,0.9904
3QVu5yFeifgUwpX35PFrmx,7pRnKuQMkmntEj7Nnj94r0,8/1/2023,0.693,0.632,0,-7.578,1,0.338,0.697,1.16E-06,0.0627,0.799,176.218,3QVu5yFeifgUwpX35PFrmx,305478,4,,,,
7G0WYMIbefi9cyg9f8Qlhv,7pRnKuQMkmntEj7Nnj94r0,8/1/2023,0.729,0.432,11,-7.283,0,0.0614,0.374,2.53E-05,0.083,0.623,60.05,7G0WYMIbefi9cyg9f8Qlhv,195120,4,,,,
4gRAniZdYF2zVrDUsNC9tU,7pRnKuQMkmntEj7Nnj94r0,8/2/2023,0.929,0.572,6,-6.928,0,0.0506,0.017,0.00353,0.122,0.288,128.014,4gRAniZdYF2zVrDUsNC9tU,237231,4,,,,
5JPgWqbVPYZT2k2Gjznl7N,7pRnKuQMkmntEj7Nnj94r0,8/2/2023,0.658,0.499,6,-8.906,1,0.116,0.161,0,0.118,0.633,109.893,5JPgWqbVPYZT2k2Gjznl7N,204290,5,,,,
4dNwzB7yuTf8jSYZSlok7C,7pRnKuQMkmntEj7Nnj94r0,8/2/2023,0.745,0.668,1,-8.682,1,0.287,0.703,0.000127,0.0907,0.338,127.837,4dNwzB7yuTf8jSYZSlok7C,138960,4,,,,
43PuMrRfbyyuz4QpZ3oAwN,7pRnKuQMkmntEj7Nnj94r0,8/2/2023,0.53,0.433,6,-10.598,1,0.185,0.108,0,0.135,0.274,160.14,43PuMrRfbyyuz4QpZ3oAwN,194613,4,0.087,0.778,0.135,0.9418
7MXVkk9YMctZqd1Srtv4MB,7pRnKuQMkmntEj7Nnj94r0,8/2/2023,0.675,0.595,7,-7.033,1,0.284,0.168,3.36E-06,0.136,0.491,185.998,7MXVkk9YMctZqd1Srtv4MB,230453,4,0.152,0.779,0.068,-0.9893
5Fl99IfShZWeH8UFzmmIbq,7pRnKuQMkmntEj7Nnj94r0,8/2/2023,0.939,0.724,5,-7.487,0,0.142,0.0342,7.08E-05,0.595,0.814,125.036,5Fl99IfShZWeH8UFzmmIbq,175440,4,,,,
5DmCLnojsZpi5SH2MMBDOW,7pRnKuQMkmntEj7Nnj94r0,8/2/2023,0.732,0.504,4,-10.276,0,0.072,0.0158,0.031,0.166,0.477,130.084,5DmCLnojsZpi5SH2MMBDOW,201446,4,,,,
5sCab5LlHPDB6NjvrZMwdX,7pRnKuQMkmntEj7Nnj94r0,8/2/2023,0.654,0.605,2,-9.031,1,0.136,0.377,0,0.0891,0.457,90.016,5sCab5LlHPDB6NjvrZMwdX,233227,4,,,,
4hP7NIeToP2hU6lyvIHPyp,7pRnKuQMkmntEj7Nnj94r0,8/2/2023,0.703,0.331,8,-9.72,1,0.514,0.445,0,0.322,0.18,80.118,4hP7NIeToP2hU6lyvIHPyp,259339,4,,,,
3pkbfqWxPWu0jLUbVayQaG,7pRnKuQMkmntEj7Nnj94r0,8/2/2023,0.581,0.407,7,-9.451,0,0.0379,0.643,1.49E-06,0.139,0.292,94.935,3pkbfqWxPWu0jLUbVayQaG,224842,4,,,,
2E0CR0I90j33ffEc1F3Pr4,7pRnKuQMkmntEj7Nnj94r0,8/2/2023,0.658,0.444,10,-12.058,0,0.222,0.561,0,0.244,0.705,149.83,2E0CR0I90j33ffEc1F3Pr4,168229,4,,,,
4mL59LVbKgOpEACxraGYdr,7pRnKuQMkmntEj7Nnj94r0,8/2/2023,0.639,0.778,2,-6.004,1,0.194,0.108,1.12E-06,0.108,0.808,128.014,4mL59LVbKgOpEACxraGYdr,236160,4,0.042,0.792,0.166,0.9936
7Asg82VZIPN0sNnNA9IwnW,7pRnKuQMkmntEj7Nnj94r0,8/2/2023,0.881,0.889,11,-5.401,1,0.0944,0.0423,1.32E-06,0.108,0.492,106.054,7Asg82VZIPN0sNnNA9IwnW,237733,4,0.105,0.848,0.047,-0.9897
0rFZaQ4crlGAzuCjWCQ2xu,7pRnKuQMkmntEj7Nnj94r0,8/2/2023,0.577,0.576,2,-6.299,1,0.0563,0.0143,0,0.602,0.12,133.973,0rFZaQ4crlGAzuCjWCQ2xu,234040,4,0.026,0.774,0.2,0.9919
4zvHZWOGyL7WcmqHOgtGCW,7pRnKuQMkmntEj7Nnj94r0,8/4/2023,0.431,0.669,2,-10.065,1,0.035,0.0252,0.0433,0.117,0.855,203.906,4zvHZWOGyL7WcmqHOgtGCW,172941,4,,,,
3VByEy1Ax2hlDXgk2U9mmz,7pRnKuQMkmntEj7Nnj94r0,8/4/2023,0.561,0.707,0,-7.774,1,0.0367,0.0788,0.00916,0.226,0.422,132.048,3VByEy1Ax2hlDXgk2U9mmz,241530,4,,,,
0A6Ex80dxSp8JP545CR34i,7pRnKuQMkmntEj7Nnj94r0,8/5/2023,0.422,0.812,9,-7.025,0,0.176,0.446,0.000269,0.373,0.657,118.003,0A6Ex80dxSp8JP545CR34i,180638,4,,,,
20s34XSPIiYMGSFDRSs24t,7pRnKuQMkmntEj7Nnj94r0,8/5/2023,0.72,0.569,0,-6.044,1,0.0701,0.53,0,0.0657,0.573,150.064,20s34XSPIiYMGSFDRSs24t,232707,4,0.028,0.828,0.144,0.9969
3gSb0w89IJ7TX7zs4iwrBG,7pRnKuQMkmntEj7Nnj94r0,8/5/2023,0.863,0.508,2,-11.392,1,0.127,0.0205,0.832,0.313,0.687,128.117,3gSb0w89IJ7TX7zs4iwrBG,285241,4,,,,
0N0ZPAQXozVq5FXIj2Cugl,7pRnKuQMkmntEj7Nnj94r0,8/5/2023,0.772,0.697,10,-9.168,0,0.0633,0.302,0,0.162,0.846,92.987,0N0ZPAQXozVq5FXIj2Cugl,240617,4,,,,
2cAc7dKwdheRCH711caRVi,7pRnKuQMkmntEj7Nnj94r0,8/5/2023,0.581,0.54,8,-10.955,0,0.0502,0.227,0.114,0.107,0.0917,85.015,2cAc7dKwdheRCH711caRVi,290824,4,,,,
0cnmUN1jrBPizIyaqgATsl,7pRnKuQMkmntEj7Nnj94r0,8/5/2023,0.978,0.382,9,-5.079,1,0.164,0.0707,0.000483,0.0968,0.803,120.045,0cnmUN1jrBPizIyaqgATsl,151500,4,,,,
7fiSIVaxRT68NWVMsvTM1e,7pRnKuQMkmntEj7Nnj94r0,8/6/2023,0.673,0.73,9,-5.137,0,0.203,0.0607,0.0374,0.149,0.727,92.179,7fiSIVaxRT68NWVMsvTM1e,107611,4,,,,
1wZqJM5FGDEl3FjHDxDyQd,7pRnKuQMkmntEj7Nnj94r0,8/6/2023,0.717,0.347,11,-10.265,0,0.0636,0.0511,2.43E-06,0.087,0.0589,84.987,1wZqJM5FGDEl3FjHDxDyQd,235477,4,0.041,0.911,0.048,0.4199
1nUpiB9AmUjBygiN1YqwSO,7pRnKuQMkmntEj7Nnj94r0,8/6/2023,0.786,0.327,0,-13.869,1,0.384,0.775,0.00113,0.162,0.458,116.897,1nUpiB9AmUjBygiN1YqwSO,164103,4,,,,
2w7CXqA8SonrkEC74zuBVM,7pRnKuQMkmntEj7Nnj94r0,8/7/2023,0.509,0.59,7,-6.523,1,0.114,0.757,0,0.152,0.443,160.25,2w7CXqA8SonrkEC74zuBVM,234023,3,,,,
3nGLPrBlOZ8eWN4FD7hNG8,7pRnKuQMkmntEj7Nnj94r0,8/8/2023,0.52,0.53,0,-8.186,1,0.108,0.407,0,0.673,0.509,109.864,3nGLPrBlOZ8eWN4FD7hNG8,187636,4,,,,
05a1QHmE1V6pLe1zFF7LXb,7pRnKuQMkmntEj7Nnj94r0,8/8/2023,0.654,0.512,4,-9.882,1,0.0357,0.534,4.22E-06,0.214,0.5,112.037,05a1QHmE1V6pLe1zFF7LXb,174750,4,,,,
3KvoZgndTtmfjjFV0MwMqF,7pRnKuQMkmntEj7Nnj94r0,8/9/2023,0.807,0.513,7,-7.752,0,0.0513,0.736,0,0.114,0.744,129.951,3KvoZgndTtmfjjFV0MwMqF,193518,4,,,,
68ivEISjQ6pxNdeXULwdll,7pRnKuQMkmntEj7Nnj94r0,8/9/2023,0.721,0.77,2,-6.451,0,0.0608,0.338,6.39E-06,0.0824,0.72,89.995,68ivEISjQ6pxNdeXULwdll,231468,4,,,,
3wHfVxBYMd258OQmtTYiGb,7pRnKuQMkmntEj7Nnj94r0,8/9/2023,0.413,0.262,4,-12.307,0,0.0434,0.419,1.10E-06,0.228,0.238,120.479,3wHfVxBYMd258OQmtTYiGb,217000,4,,,,
1UdR2sWnDBRd3m0YxZRkMG,7pRnKuQMkmntEj7Nnj94r0,8/9/2023,0.706,0.568,11,-9.797,0,0.0596,0.063,0.00138,0.119,0.554,134.014,1UdR2sWnDBRd3m0YxZRkMG,249269,4,0.007,0.872,0.121,0.9904
2HuYWd79zAyo6KizarL9pr,7pRnKuQMkmntEj7Nnj94r0,8/9/2023,0.899,0.348,8,-9.672,0,0.15,0.134,0,0.0791,0.675,110.683,2HuYWd79zAyo6KizarL9pr,188000,4,,,,
3TpXajg1nKzG3ngc9tBwrD,7pRnKuQMkmntEj7Nnj94r0,8/11/2023,0.772,0.256,7,-8.545,0,0.0481,0.491,0.00612,0.144,0.357,118.902,3TpXajg1nKzG3ngc9tBwrD,210240,3,0.083,0.884,0.033,-0.8408
6bDnvw2UUFSEAskbcghlcw,7pRnKuQMkmntEj7Nnj94r0,8/11/2023,0.575,0.714,6,-5.247,1,0.0596,0.395,0,0.115,0.32,144.982,6bDnvw2UUFSEAskbcghlcw,262231,4,,,,
6eCEcYf4NH8LKJXl2E9EB2,7pRnKuQMkmntEj7Nnj94r0,8/11/2023,0.384,0.765,6,-4.463,1,0.0579,0.646,0.00352,0.522,0.567,129.903,6eCEcYf4NH8LKJXl2E9EB2,252231,4,,,,
5EYi2rH4LYs6M21ZLOyQTx,7pRnKuQMkmntEj7Nnj94r0,8/11/2023,0.756,0.609,3,-7.927,1,0.0544,0.217,0.00474,0.096,0.537,117.023,5EYi2rH4LYs6M21ZLOyQTx,155720,4,,,,
0V6QNE31BWyMuiKlvDRnE9,7pRnKuQMkmntEj7Nnj94r0,8/11/2023,0.6,0.819,7,-6.377,1,0.224,0.119,0.136,0.118,0.703,79.458,0V6QNE31BWyMuiKlvDRnE9,254049,4,,,,
17YuXw2ScwLLL1sUrRKhoW,7pRnKuQMkmntEj7Nnj94r0,8/11/2023,0.68,0.747,4,-6.056,0,0.091,0.353,0,0.138,0.331,113.933,17YuXw2ScwLLL1sUrRKhoW,218947,4,,,,
5AJVJWIg8TsoWX3lrvldLS,7pRnKuQMkmntEj7Nnj94r0,8/12/2023,0.456,0.135,0,-14.595,0,0.037,0.906,0.226,0.0998,0.287,128.282,5AJVJWIg8TsoWX3lrvldLS,292828,4,,,,
6XPOY3MxYArU6xvkB3BMkU,7pRnKuQMkmntEj7Nnj94r0,8/13/2023,0.511,0.891,4,-4.44,1,0.095,0.0124,0,0.0912,0.536,158.99,6XPOY3MxYArU6xvkB3BMkU,298520,4,,,,
0F2lcFAteOvMqYR6xEMJBe,7pRnKuQMkmntEj7Nnj94r0,8/15/2023,0.505,0.458,7,-7.87,1,0.0392,0.217,0,0.116,0.17,123.922,0F2lcFAteOvMqYR6xEMJBe,301773,4,,,,
2fuMHvkhJNX1qyeOv9vxru,7pRnKuQMkmntEj7Nnj94r0,8/15/2023,0.405,0.505,5,-7.75,1,0.0458,0.592,0,0.121,0.318,164.971,2fuMHvkhJNX1qyeOv9vxru,262600,4,,,,
0ZXBFuXNtWSEFA3OWWSMCl,7pRnKuQMkmntEj7Nnj94r0,8/15/2023,0.81,0.389,1,-8.62,0,0.0451,0.845,0.858,0.343,0.124,119.984,0ZXBFuXNtWSEFA3OWWSMCl,280569,4,,,,
1rFWOOAEoyVQG4EwViNYMd,7pRnKuQMkmntEj7Nnj94r0,8/15/2023,0.783,0.479,0,-13.177,1,0.0528,0.687,0.385,0.0876,0.316,95.99,1rFWOOAEoyVQG4EwViNYMd,239975,4,,,,
6ZUNNe8T0XAcpyVOMijwQl,7pRnKuQMkmntEj7Nnj94r0,8/15/2023,0.226,0.491,9,-7.978,1,0.0304,0.0279,0.00634,0.0587,0.297,90.448,6ZUNNe8T0XAcpyVOMijwQl,243000,4,,,,
644TVsoHtPoX3osPiGM9qw,7pRnKuQMkmntEj7Nnj94r0,8/15/2023,0.361,0.595,11,-10.566,1,0.0342,0.347,0.000756,0.25,0.359,157.949,644TVsoHtPoX3osPiGM9qw,154224,4,,,,
3FBiFFEq2JCAVPFAbFeBMz,7pRnKuQMkmntEj7Nnj94r0,8/15/2023,0.657,0.732,4,-5.961,1,0.0402,0.144,0.00112,0.241,0.844,125.99,3FBiFFEq2JCAVPFAbFeBMz,145238,5,,,,
3UVaAkaRkdkPFvb4WC4qRM,7pRnKuQMkmntEj7Nnj94r0,8/15/2023,0.692,0.617,7,-8.191,1,0.0343,0.29,0.000243,0.0762,0.709,125.983,3UVaAkaRkdkPFvb4WC4qRM,180000,4,,,,
0CVU5342nva1mJRaehuAhI,7pRnKuQMkmntEj7Nnj94r0,8/15/2023,0.76,0.544,0,-10.184,1,0.0323,0.00517,0.0151,0.176,0.919,107.976,0CVU5342nva1mJRaehuAhI,168281,4,,,,
54xRk3fc6bP0aOmEAQXG2C,7pRnKuQMkmntEj7Nnj94r0,8/15/2023,0.548,0.608,6,-8.953,1,0.0765,0.362,0,0.183,0.359,147.766,54xRk3fc6bP0aOmEAQXG2C,263802,4,,,,
57Z3WoRxMYL3FEFCzSibLK,7pRnKuQMkmntEj7Nnj94r0,8/15/2023,0.715,0.719,5,-5.678,0,0.105,0.724,0,0.169,0.6,137.988,57Z3WoRxMYL3FEFCzSibLK,184000,4,,,,
6CS2uxUmfUL7blDyMYNNuD,7pRnKuQMkmntEj7Nnj94r0,8/15/2023,0.837,0.563,5,-8.854,0,0.0447,0.525,0.00164,0.109,0.54,115.381,6CS2uxUmfUL7blDyMYNNuD,185725,4,,,,
5ZMewINpCYNf64qSeergq1,7pRnKuQMkmntEj7Nnj94r0,8/15/2023,0.603,0.427,6,-10.792,0,0.493,0.157,0,0.105,0.739,175.693,5ZMewINpCYNf64qSeergq1,178034,4,,,,
0BNoCFTbr9muSAah6hgHff,7pRnKuQMkmntEj7Nnj94r0,8/15/2023,0.617,0.675,9,-4.898,1,0.0241,0.619,0.884,0.38,0.335,110.066,0BNoCFTbr9muSAah6hgHff,196441,4,,,,
4MXjilFtHM1DtkNsBdg9DX,7pRnKuQMkmntEj7Nnj94r0,8/15/2023,0.528,0.804,0,-4.563,1,0.116,0.555,9.29E-06,0.154,0.675,142.698,4MXjilFtHM1DtkNsBdg9DX,128351,4,,,,
4rlkVVFyR6h7AKEQd7Mpb8,7pRnKuQMkmntEj7Nnj94r0,8/15/2023,0.708,0.732,2,-7.569,1,0.0761,0.0845,0.0554,0.152,0.486,94.998,4rlkVVFyR6h7AKEQd7Mpb8,156968,4,,,,
7MFQSo0YNlnyDAzajhp4Uo,7pRnKuQMkmntEj7Nnj94r0,8/15/2023,0.65,0.639,7,-8.348,1,0.512,0.737,0,0.294,0.789,83.148,7MFQSo0YNlnyDAzajhp4Uo,120346,4,,,,
1d2zfksSJdpIX0csXXZrqv,7pRnKuQMkmntEj7Nnj94r0,8/15/2023,0.792,0.601,11,-7.589,0,0.311,0.336,0,0.0964,0.496,100.04,1d2zfksSJdpIX0csXXZrqv,62400,4,,,,
6mW2fVzrPGGrkyWGgPQxvN,7pRnKuQMkmntEj7Nnj94r0,8/15/2023,0.691,0.798,1,-5.836,1,0.375,0.122,0,0.155,0.699,87.166,6mW2fVzrPGGrkyWGgPQxvN,99962,4,,,,
70JkATjg7LzZ9HA22SmmcK,7pRnKuQMkmntEj7Nnj94r0,8/15/2023,0.658,0.629,5,-7.837,1,0.0276,0.885,0.909,0.152,0.625,132.986,70JkATjg7LzZ9HA22SmmcK,115566,4,,,,
0w2kfnU1PFKxjmZFQ1J1X8,7pRnKuQMkmntEj7Nnj94r0,8/15/2023,0.611,0.871,11,-3.739,1,0.028,0.725,0.846,0.232,0.245,129.045,0w2kfnU1PFKxjmZFQ1J1X8,241859,4,,,,
3IsOr4fNjL24DtkNIBqjKz,7pRnKuQMkmntEj7Nnj94r0,8/15/2023,0.464,0.378,2,-11.354,0,0.143,0.416,0.0917,0.0966,0.037,164.486,3IsOr4fNjL24DtkNIBqjKz,176804,5,0.109,0.688,0.203,0.9323
2uUY5kz2dWNkLlGsma6MSL,7pRnKuQMkmntEj7Nnj94r0,8/15/2023,0.562,0.752,0,-5.034,0,0.299,0.757,1.31E-05,0.213,0.781,79.612,2uUY5kz2dWNkLlGsma6MSL,161447,4,,,,
7EYPiPZx49CZ73yvt4vm2x,7pRnKuQMkmntEj7Nnj94r0,8/15/2023,0.35,0.48,10,-8.74,1,0.0822,0.758,0.525,0.151,0.741,119.188,7EYPiPZx49CZ73yvt4vm2x,243069,4,,,,
57asCheDC0X1S9QnyTsmOQ,7pRnKuQMkmntEj7Nnj94r0,8/15/2023,0.375,0.474,8,-7.856,0,0.0308,0.736,9.75E-05,0.287,0.392,101.976,57asCheDC0X1S9QnyTsmOQ,282671,4,,,,
4u4KyiHX4IyddxyjWjjgoP,7pRnKuQMkmntEj7Nnj94r0,8/15/2023,0.741,0.5,10,-8.975,1,0.0453,0.778,0.646,0.113,0.0468,90.001,4u4KyiHX4IyddxyjWjjgoP,195567,4,,,,
7j0OP8Hdw3O0ztt0PcOHHR,7pRnKuQMkmntEj7Nnj94r0,8/15/2023,0.659,0.716,2,-4.979,1,0.115,0.0166,1.12E-05,0.331,0.207,139.995,7j0OP8Hdw3O0ztt0PcOHHR,223493,4,,,,
22oZYBEW53kgOKp3gVVaQm,7pRnKuQMkmntEj7Nnj94r0,8/15/2023,0.768,0.372,4,-8.549,0,0.125,0.103,0.0324,0.139,0.268,148.529,22oZYBEW53kgOKp3gVVaQm,190984,4,,,,
0P90guRXh6jK0vr0owwxib,7pRnKuQMkmntEj7Nnj94r0,8/15/2023,0.728,0.461,6,-11.276,0,0.0366,0.00438,0.0809,0.138,0.434,134,0P90guRXh6jK0vr0owwxib,215513,4,,,,
1no5aBlOtuHcBeY6fWU0Oc,7pRnKuQMkmntEj7Nnj94r0,8/15/2023,0.396,0.138,7,-14.484,0,0.0326,0.954,0.772,0.162,0.106,70.208,1no5aBlOtuHcBeY6fWU0Oc,286600,4,,,,
6QqXTZUL8O3y46rgDEWnsm,7pRnKuQMkmntEj7Nnj94r0,8/15/2023,0.352,0.0351,1,-22.254,1,0.0347,0.975,0.607,0.193,0.21,56.16,6QqXTZUL8O3y46rgDEWnsm,323600,4,,,,
2cFEmtq7p1GGEkQY1PJXdw,7pRnKuQMkmntEj7Nnj94r0,8/15/2023,0.892,0.559,11,-7.276,0,0.227,0.0246,4.30E-06,0.133,0.698,141.923,2cFEmtq7p1GGEkQY1PJXdw,136901,4,,,,
1wz7B02oOtrTW6SNLG0cSk,7pRnKuQMkmntEj7Nnj94r0,8/15/2023,0.86,0.332,1,-10.263,1,0.22,0.807,0,0.106,0.26,140.949,1wz7B02oOtrTW6SNLG0cSk,115000,4,,,,
3mogmakkKiKWOB0tVj1X9i,7pRnKuQMkmntEj7Nnj94r0,8/15/2023,0.793,0.315,1,-7.457,1,0.0825,0.143,0.0142,0.113,0.541,118.824,3mogmakkKiKWOB0tVj1X9i,171371,4,,,,
3oezMhx19Pi8sQPmvX95Ft,7pRnKuQMkmntEj7Nnj94r0,8/15/2023,0.209,0.0204,5,-30.566,1,0.0485,0.979,0.397,0.111,0.0386,100.381,3oezMhx19Pi8sQPmvX95Ft,434027,4,,,,
0Es8ckUBt7g1kFVPVNc5CV,7pRnKuQMkmntEj7Nnj94r0,8/15/2023,0.387,0.101,5,-21.699,0,0.0349,0.993,0.863,0.106,0.061,67.645,0Es8ckUBt7g1kFVPVNc5CV,211438,3,,,,
5N9Nut1vIYYFqv9KbP8FD7,7pRnKuQMkmntEj7Nnj94r0,8/15/2023,0.169,0.0496,1,-26.317,1,0.0408,0.987,0.921,0.0913,0.0372,89.143,5N9Nut1vIYYFqv9KbP8FD7,319320,4,,,,
5H2WmzaijYOGTHeHdM3w9P,7pRnKuQMkmntEj7Nnj94r0,8/15/2023,0.546,0.669,2,-10.806,1,0.103,0.495,0.735,0.25,0.337,75.144,5H2WmzaijYOGTHeHdM3w9P,180846,4,,,,
7ydeKIGuAdxqkp7OsWGZx6,7pRnKuQMkmntEj7Nnj94r0,8/15/2023,0.576,0.283,2,-13.004,1,0.039,0.897,0.892,0.0841,0.252,119.277,7ydeKIGuAdxqkp7OsWGZx6,208452,4,,,,
4YqKpb4sCTpvikjc9yJq9F,7pRnKuQMkmntEj7Nnj94r0,8/15/2023,0.582,0.676,10,-8.502,0,0.0784,0.0388,0,0.0807,0.579,95.994,4YqKpb4sCTpvikjc9yJq9F,207500,4,,,,
3tJp3SXg6NUyrV6wduHAL8,7pRnKuQMkmntEj7Nnj94r0,8/15/2023,0.833,0.267,1,-12.891,0,0.142,0.0762,0.542,0.549,0.262,77.499,3tJp3SXg6NUyrV6wduHAL8,201290,4,,,,
1OxL1FWSEd7QmJoWLRP2NO,7pRnKuQMkmntEj7Nnj94r0,8/15/2023,0.711,0.662,10,-5.947,0,0.175,0.42,0,0.0723,0.755,130.037,1OxL1FWSEd7QmJoWLRP2NO,181510,4,,,,
1S5Zfrvq3sCVsmDHkl40pi,7pRnKuQMkmntEj7Nnj94r0,8/18/2023,0.599,0.655,11,-7.563,0,0.0802,0.32,2.53E-05,0.318,0.536,135.888,1S5Zfrvq3sCVsmDHkl40pi,315209,4,,,,
5YZYSnyKGFV9BgPWQlV4j7,7pRnKuQMkmntEj7Nnj94r0,8/16/2023,0.488,0.427,9,-9.105,1,0.0313,0.181,0.058,0.179,0.0883,140.004,5YZYSnyKGFV9BgPWQlV4j7,303973,4,,,,
7sljA9XJXVCbbXLK5XpDtu,7pRnKuQMkmntEj7Nnj94r0,8/16/2023,0.66,0.306,9,-10.895,1,0.0296,0.953,0.826,0.319,0.491,91.763,7sljA9XJXVCbbXLK5XpDtu,244990,4,,,,
3OhIt5RPEpocGCp5lg5JpR,7pRnKuQMkmntEj7Nnj94r0,8/17/2023,0.684,0.435,9,-14.244,0,0.0345,0.752,0.794,0.159,0.506,132.01,3OhIt5RPEpocGCp5lg5JpR,130966,4,,,,
0eYzqP1sVy0LvAc3dL5wE0,7pRnKuQMkmntEj7Nnj94r0,8/16/2023,0.667,0.37,5,-12.571,1,0.0303,0.9,0.866,0.109,0.22,115.035,0eYzqP1sVy0LvAc3dL5wE0,258052,4,,,,
3GNwjECqpIScLWslazEJ4c,7pRnKuQMkmntEj7Nnj94r0,8/17/2023,0.682,0.308,3,-15.458,1,0.0428,0.454,0.926,0.11,0.866,90.437,3GNwjECqpIScLWslazEJ4c,69172,4,,,,
3YX6KmLlpZhmWm7fqtHqAv,7pRnKuQMkmntEj7Nnj94r0,8/17/2023,0.507,0.484,9,-9.536,1,0.0267,0.469,0.133,0.277,0.436,77.933,3YX6KmLlpZhmWm7fqtHqAv,173322,4,,,,
5BrxU9nIJLFs2tZTp1nqU6,7pRnKuQMkmntEj7Nnj94r0,8/17/2023,0.849,0.3,8,-10.957,0,0.0534,0.0914,1.00E-05,0.342,0.327,124.974,5BrxU9nIJLFs2tZTp1nqU6,232551,4,,,,
4yDkQZNZa5cyNly8HKk5ab,7pRnKuQMkmntEj7Nnj94r0,8/17/2023,0.664,0.386,11,-8.876,1,0.0426,0.00899,0.865,0.118,0.0395,129.951,4yDkQZNZa5cyNly8HKk5ab,197642,4,,,,
1BVK7TVGVzd4hWaBWUuM9M,7pRnKuQMkmntEj7Nnj94r0,8/17/2023,0.763,0.703,0,-11.01,0,0.0495,0.00385,0.851,0.112,0.492,140.009,1BVK7TVGVzd4hWaBWUuM9M,163422,4,,,,
01fyv1txSrlZEuMuQjimj1,7pRnKuQMkmntEj7Nnj94r0,8/17/2023,0.635,0.521,2,-13.084,1,0.0356,0.00129,0.472,0.238,0.135,132.006,01fyv1txSrlZEuMuQjimj1,254545,4,,,,
58orMi4u7WEFWC9lNU9stL,7pRnKuQMkmntEj7Nnj94r0,8/17/2023,0.736,0.554,0,-12.728,1,0.114,0.00199,0.781,0.384,0.134,141.947,58orMi4u7WEFWC9lNU9stL,233628,4,,,,
0h0xdKeSKAaCUYfMf6F3SA,7pRnKuQMkmntEj7Nnj94r0,8/17/2023,0.524,0.742,5,-11.845,0,0.0585,0.000244,0.339,0.16,0.265,75,0h0xdKeSKAaCUYfMf6F3SA,195875,4,,,,
5I8oQkGK1ZFVYJzEv7VQVb,7pRnKuQMkmntEj7Nnj94r0,8/17/2023,0.396,0.587,7,-8.746,1,0.0312,0.527,0.45,0.144,0.519,140.804,5I8oQkGK1ZFVYJzEv7VQVb,400560,4,,,,
1vrFIXzeVd5CJWOeN0kUTK,7pRnKuQMkmntEj7Nnj94r0,8/17/2023,0.506,0.586,0,-9.094,1,0.0238,0.664,0.928,0.116,0.557,171.986,1vrFIXzeVd5CJWOeN0kUTK,377800,4,,,,
021h95tdpAnzhkug0cwStD,7pRnKuQMkmntEj7Nnj94r0,8/17/2023,0.646,0.572,5,-9.673,0,0.0296,0.556,0.826,0.324,0.71,90.999,021h95tdpAnzhkug0cwStD,284880,4,,,,
2jdw2tc29bqJwToyGvKgJm,7pRnKuQMkmntEj7Nnj94r0,8/17/2023,0.393,0.673,1,-6.796,0,0.063,0.359,0.000427,0.152,0.166,129.961,2jdw2tc29bqJwToyGvKgJm,468168,4,,,,
5hNn942bPHLglOV8fmw2dh,7pRnKuQMkmntEj7Nnj94r0,8/17/2023,0.398,0.632,10,-8.646,1,0.0998,0.975,0.00716,0.124,0.202,115.89,5hNn942bPHLglOV8fmw2dh,234000,5,0.108,0.727,0.165,0.9748
1d2GBZ8ybaVO1bNVHX8EIj,7pRnKuQMkmntEj7Nnj94r0,8/18/2023,0.741,0.722,10,-7.752,1,0.32,0.205,0.000232,0.109,0.165,132.915,1d2GBZ8ybaVO1bNVHX8EIj,223903,4,,,,
2IDMCaW8K2nrFOoR5UANUo,7pRnKuQMkmntEj7Nnj94r0,8/18/2023,0.677,0.707,1,-7.769,0,0.0635,0.125,0.104,0.0986,0.241,82.504,2IDMCaW8K2nrFOoR5UANUo,262474,4,0.045,0.758,0.196,0.9971
1QzC4y8h6WFxHE4KlokhVr,7pRnKuQMkmntEj7Nnj94r0,8/18/2023,0.511,0.794,1,-3.854,0,0.268,0.246,0,0.161,0.625,119.791,1QzC4y8h6WFxHE4KlokhVr,164165,5,,,,
6sbeLJnDbfnENYmsamXJjP,7pRnKuQMkmntEj7Nnj94r0,8/18/2023,0.641,0.626,5,-7.286,1,0.029,0.334,0.632,0.169,0.444,95.994,6sbeLJnDbfnENYmsamXJjP,267337,4,,,,
23JBZdzeOJyj68rJiWhNfm,7pRnKuQMkmntEj7Nnj94r0,8/18/2023,0.708,0.734,11,-8.619,0,0.0951,0.0401,0.000327,0.124,0.425,114.952,23JBZdzeOJyj68rJiWhNfm,149507,4,,,,
68KgRkSCasdURl11jdo7EW,7pRnKuQMkmntEj7Nnj94r0,8/18/2023,0.432,0.419,5,-9.831,1,0.0462,0.0118,6.02E-06,0.109,0.121,125.987,68KgRkSCasdURl11jdo7EW,180279,4,,,,
7gAvnRxzUCF61CK0vyHd5t,7pRnKuQMkmntEj7Nnj94r0,8/18/2023,0.786,0.515,11,-11.311,0,0.041,8.75E-05,0.799,0.109,0.112,110.007,7gAvnRxzUCF61CK0vyHd5t,233617,4,,,,
4V89IXbcngfalUVUm21GNM,7pRnKuQMkmntEj7Nnj94r0,8/18/2023,0.374,0.082,1,-11.402,0,0.0412,0.612,0.202,0.111,0.037,91.428,4V89IXbcngfalUVUm21GNM,247731,1,,,,
2kLs2MAH1UqMQ2gawdVy38,7pRnKuQMkmntEj7Nnj94r0,8/18/2023,0.642,0.262,6,-13.476,0,0.0743,0.184,0.00472,0.197,0.185,93.496,2kLs2MAH1UqMQ2gawdVy38,257724,4,,,,
4XudCa7ZGffGtHPv05iYzq,7pRnKuQMkmntEj7Nnj94r0,8/18/2023,0.662,0.41,1,-9.169,0,0.0678,0.552,1.14E-05,0.185,0.332,147.918,4XudCa7ZGffGtHPv05iYzq,333250,4,0.015,0.9,0.085,0.9898
1Ob94QesoxHSBrypyBbdfd,7pRnKuQMkmntEj7Nnj94r0,8/18/2023,0.767,0.512,6,-6.777,1,0.0591,0.893,0.000223,0.103,0.489,123.921,1Ob94QesoxHSBrypyBbdfd,207107,4,0.074,0.806,0.121,0.9442
0hln14hHipz42wz1s45FiL,7pRnKuQMkmntEj7Nnj94r0,8/18/2023,0.821,0.319,8,-12.288,1,0.751,0.256,0,0.0333,0.455,102.845,0hln14hHipz42wz1s45FiL,169280,4,,,,
1WS3IFBh0oPARLTruRjjA8,7pRnKuQMkmntEj7Nnj94r0,8/18/2023,0.755,0.558,4,-8.102,0,0.236,0.00927,5.36E-05,0.167,0.205,98.743,1WS3IFBh0oPARLTruRjjA8,190638,4,,,,
6U8wLl0pMsgS1Lcql3nQjH,7pRnKuQMkmntEj7Nnj94r0,8/18/2023,0.63,0.449,6,-8.549,0,0.252,0.814,0.575,0.106,0.0738,158.861,6U8wLl0pMsgS1Lcql3nQjH,401933,4,,,,
6IZ9lMk5ByPP3dl6us4PsD,7pRnKuQMkmntEj7Nnj94r0,8/19/2023,0.556,0.438,6,-11.237,1,0.0561,0.0153,2.45E-06,0.0946,0.513,130.867,6IZ9lMk5ByPP3dl6us4PsD,148558,4,,,,
7r7HYGxvCIXzHicl5DGIxM,7pRnKuQMkmntEj7Nnj94r0,8/19/2023,0.587,0.561,7,-9.249,1,0.0264,0.719,0.342,0.168,0.511,92.602,7r7HYGxvCIXzHicl5DGIxM,147093,4,,,,
2jXRzSRzsyGneFt6ojLlsf,7pRnKuQMkmntEj7Nnj94r0,8/19/2023,0.624,0.274,11,-14.469,0,0.0718,0.342,0.381,0.11,0.0727,125.9,2jXRzSRzsyGneFt6ojLlsf,215950,4,,,,
46KyjsEobuGoWbH2CoWjCN,7pRnKuQMkmntEj7Nnj94r0,8/19/2023,0.84,0.525,2,-5.67,1,0.0454,0.426,0.296,0.102,0.189,130.037,46KyjsEobuGoWbH2CoWjCN,177000,4,,,,
2HLtRAcBAWd4y7TfVVoIpm,7pRnKuQMkmntEj7Nnj94r0,8/19/2023,0.586,0.614,4,-7.275,1,0.0307,0.0803,1.94E-05,0.152,0.301,88.222,2HLtRAcBAWd4y7TfVVoIpm,126698,4,,,,
5MQnppcOUZDiJ4ouVgl7Gy,7pRnKuQMkmntEj7Nnj94r0,8/19/2023,0.709,0.491,10,-7.188,0,0.0459,0.187,0.0863,0.106,0.271,122.285,5MQnppcOUZDiJ4ouVgl7Gy,124440,4,,,,
5EzxVckhN9qWVdxgCxtrkh,7pRnKuQMkmntEj7Nnj94r0,8/20/2023,0.599,0.27,4,-17.638,1,0.0905,0.845,0.00042,0.11,0.377,124.155,5EzxVckhN9qWVdxgCxtrkh,189786,5,,,,
6inUnvEq1Wlgct0609kjbK,7pRnKuQMkmntEj7Nnj94r0,8/20/2023,0.49,0.614,9,-7.837,1,0.0272,0.521,0.674,0.11,0.245,124.434,6inUnvEq1Wlgct0609kjbK,162480,4,,,,
4p7HnljTO1gInxKl7FUZ4Y,7pRnKuQMkmntEj7Nnj94r0,8/20/2023,0.506,0.646,6,-8.209,1,0.0308,0.405,0.147,0.32,0.131,119.864,4p7HnljTO1gInxKl7FUZ4Y,226560,4,,,,
5xXOv9QEcFquVczfML4e1r,7pRnKuQMkmntEj7Nnj94r0,8/21/2023,0.453,0.298,6,-9.945,0,0.3,0.307,2.25E-05,0.174,0.119,104.304,5xXOv9QEcFquVczfML4e1r,252224,4,,,,
3lM6UY6eZoxxdrxCLxWXrJ,7pRnKuQMkmntEj7Nnj94r0,8/22/2023,0.555,0.683,0,-9.35,1,0.0756,0.36,0.0126,0.0833,0.473,149.986,3lM6UY6eZoxxdrxCLxWXrJ,263600,4,,,,
2hIpmu7Azv7eTH2zD6joFc,7pRnKuQMkmntEj7Nnj94r0,8/22/2023,0.598,0.563,7,-11.162,1,0.096,0.546,0.00486,0.874,0.183,145.99,2hIpmu7Azv7eTH2zD6joFc,123493,4,,,,
6QMoHcXX5f6zP9LCAh8mNk,7pRnKuQMkmntEj7Nnj94r0,8/22/2023,0.46,0.398,4,-9.074,0,0.0421,0.669,0,0.109,0.335,95.852,6QMoHcXX5f6zP9LCAh8mNk,197938,4,,,,
29U9wLHEdy5GclFrf41j5a,7pRnKuQMkmntEj7Nnj94r0,8/22/2023,0.739,0.313,10,-8.453,1,0.0639,0.59,0.00617,0.106,0.37,83.004,29U9wLHEdy5GclFrf41j5a,260339,4,,,,
00qFOLceIok8CX8994GZqe,7pRnKuQMkmntEj7Nnj94r0,8/23/2023,0.575,0.71,11,-5.169,1,0.0396,0.274,0,0.101,0.668,91.053,00qFOLceIok8CX8994GZqe,257587,4,0.069,0.683,0.247,0.9022
4XGbnLc29XxdeYQUEuitMX,7pRnKuQMkmntEj7Nnj94r0,8/23/2023,0.87,0.595,11,-10.793,0,0.102,0.372,0.00164,0.108,0.962,124.981,4XGbnLc29XxdeYQUEuitMX,195360,4,,,,
1a1aDGs7aM4jDWNXXzqDWt,7pRnKuQMkmntEj7Nnj94r0,8/23/2023,0.799,0.322,7,-10.921,0,0.123,0.165,8.72E-06,0.115,0.451,83.997,1a1aDGs7aM4jDWNXXzqDWt,220714,4,,,,
3G9bnOzdKqhRObeOggHpGY,7pRnKuQMkmntEj7Nnj94r0,8/23/2023,0.551,0.27,6,-11.002,0,0.0592,0.517,0.00519,0.106,0.0776,105.098,3G9bnOzdKqhRObeOggHpGY,242968,4,,,,
3KQUOSKW3WX8jpi3BBFH5n,7pRnKuQMkmntEj7Nnj94r0,8/23/2023,0.532,0.54,11,-8.332,1,0.376,0.23,0,0.742,0.31,128.738,3KQUOSKW3WX8jpi3BBFH5n,165624,4,,,,
2TLlFL6dpycifLqKtTE7UZ,7pRnKuQMkmntEj7Nnj94r0,8/23/2023,0.679,0.405,3,-9.216,1,0.246,0.685,0,0.166,0.452,64.074,2TLlFL6dpycifLqKtTE7UZ,247773,4,0.102,0.649,0.249,0.9977
3cs5BK6ahtPtp6sBPljYiN,7pRnKuQMkmntEj7Nnj94r0,8/24/2023,0.683,0.524,10,-11.068,1,0.26,0.248,5.70E-06,0.0744,0.355,74.989,3cs5BK6ahtPtp6sBPljYiN,166408,4,,,,
4SExof7SNMmYgTmgE8TBrE,7pRnKuQMkmntEj7Nnj94r0,8/25/2023,0.724,0.528,7,-12.726,0,0.0354,0.00584,0.0415,0.106,0.607,120.008,4SExof7SNMmYgTmgE8TBrE,341000,4,,,,
3g9TyWZAiKs7Np7oztsG41,7pRnKuQMkmntEj7Nnj94r0,8/26/2023,0.876,0.606,0,-5.471,1,0.0645,0.00672,1.06E-05,0.14,0.259,127.975,3g9TyWZAiKs7Np7oztsG41,213246,4,0.147,0.765,0.088,-0.9953
1uJ2cNpEURYm6RNqCL3MgC,7pRnKuQMkmntEj7Nnj94r0,8/26/2023,0.591,0.389,0,-7.279,1,0.216,0.223,0,0.185,0.151,82.544,1uJ2cNpEURYm6RNqCL3MgC,243500,4,,,,
7xMfEa2LiJEecDg90ux5Se,7pRnKuQMkmntEj7Nnj94r0,8/26/2023,0.637,0.445,3,-10.862,1,0.0667,0.0164,0.23,0.107,0.0348,94.962,7xMfEa2LiJEecDg90ux5Se,167133,4,,,,
4CJPOgK4RbzOiivEYst36j,7pRnKuQMkmntEj7Nnj94r0,8/26/2023,0.817,0.302,8,-17.369,1,0.341,0.296,0.431,0.37,0.351,120.128,4CJPOgK4RbzOiivEYst36j,112000,5,,,,
2ZtyqjpAPQX0E3nVN5oOeY,7pRnKuQMkmntEj7Nnj94r0,8/26/2023,0.541,0.333,4,-15.781,0,0.392,0.556,0.000338,0.14,0.362,107.001,2ZtyqjpAPQX0E3nVN5oOeY,143987,4,,,,
57Iuy3J5DUUiYXxocafqVn,7pRnKuQMkmntEj7Nnj94r0,8/26/2023,0.82,0.289,1,-16.295,0,0.238,0.293,0.124,0.105,0.247,90.045,57Iuy3J5DUUiYXxocafqVn,192000,4,,,,
4Kt3cZW0z7wZFGMl7k1lAn,7pRnKuQMkmntEj7Nnj94r0,8/26/2023,0.821,0.521,7,-10.976,1,0.337,0.0538,0,0.15,0.524,119.956,4Kt3cZW0z7wZFGMl7k1lAn,213996,4,,,,
1koFCJlezJYNjXaWsMif14,7pRnKuQMkmntEj7Nnj94r0,8/26/2023,0.73,0.374,0,-16.942,1,0.321,0.315,0.000694,0.674,0.465,89.999,1koFCJlezJYNjXaWsMif14,218667,4,,,,
0gLmtQll19s1gbtMhfZ6ge,7pRnKuQMkmntEj7Nnj94r0,8/26/2023,0.699,0.62,4,-5.941,0,0.0485,0.521,8.63E-06,0.11,0.309,130.043,0gLmtQll19s1gbtMhfZ6ge,227162,4,,,,
3R1Vu4Ws7UitwDxDHTol0P,7pRnKuQMkmntEj7Nnj94r0,8/27/2023,0.729,0.675,1,-6.008,1,0.187,0.037,0.847,0.0891,0.654,162.126,3R1Vu4Ws7UitwDxDHTol0P,235400,4,,,,
46CA1H0T1r7u5lDUtVveAh,7pRnKuQMkmntEj7Nnj94r0,8/27/2023,0.233,0.705,5,-6.928,1,0.0928,0.0319,6.52E-05,0.185,0.352,74.102,46CA1H0T1r7u5lDUtVveAh,401573,4,,,,
7bgwME1OmdDy9iUwYYwzts,7pRnKuQMkmntEj7Nnj94r0,8/27/2023,0.527,0.672,0,-5.642,0,0.0509,0.41,0,0.341,0.259,139.007,7bgwME1OmdDy9iUwYYwzts,221880,4,,,,
3nVDOYBJpdCkRR6r1DbZum,7pRnKuQMkmntEj7Nnj94r0,8/27/2023,0.842,0.478,11,-8.018,0,0.303,0.0285,0,0.04,0.935,136.018,3nVDOYBJpdCkRR6r1DbZum,229800,4,0.053,0.695,0.252,0.9987
6LKKmXkJqTRE1nuz6x40Wa,7pRnKuQMkmntEj7Nnj94r0,8/27/2023,0.7,0.377,9,-15.07,1,0.342,0.0959,0,0.133,0.181,130.003,6LKKmXkJqTRE1nuz6x40Wa,148606,4,,,,
1MeTaS9GUMhlOFqi05TiaL,7pRnKuQMkmntEj7Nnj94r0,8/28/2023,0.324,0.558,9,-11.682,0,0.0853,0.0415,0.0407,0.529,0.0782,78.939,1MeTaS9GUMhlOFqi05TiaL,227591,5,,,,
0qeGCfzkQfpt2JlHqxamOG,7pRnKuQMkmntEj7Nnj94r0,8/28/2023,0.752,0.638,1,-9.574,1,0.0967,0.0448,0.00518,0.114,0.742,115.007,0qeGCfzkQfpt2JlHqxamOG,217565,4,0.142,0.676,0.182,0.9449
7pI31mg1XsAPJCB6gQJSxK,7pRnKuQMkmntEj7Nnj94r0,8/28/2023,0.788,0.491,0,-8.537,1,0.0516,0.0158,0.802,0.0824,0.724,119.992,7pI31mg1XsAPJCB6gQJSxK,178907,4,,,,
1PRyPD26m9oOWr9bzgICCS,7pRnKuQMkmntEj7Nnj94r0,8/28/2023,0.518,0.493,2,-9.534,1,0.0293,0.778,0.00287,0.216,0.461,101.819,1PRyPD26m9oOWr9bzgICCS,437707,4,0.009,0.87,0.121,0.9767
47HyqYe5m6Xca2A0WHJGiX,7pRnKuQMkmntEj7Nnj94r0,8/29/2023,0.207,0.0342,4,-23.974,1,0.042,0.947,0.0105,0.136,0.0373,78.872,47HyqYe5m6Xca2A0WHJGiX,134467,3,,,,
0eCDsr9wAvQbagmjYkVwlt,7pRnKuQMkmntEj7Nnj94r0,8/29/2023,0.704,0.329,0,-10.823,1,0.0435,0.351,0.000453,0.0574,0.315,90.005,0eCDsr9wAvQbagmjYkVwlt,233333,4,,,,
0q519OVAzjwaVIitL7u8TR,7pRnKuQMkmntEj7Nnj94r0,8/29/2023,0.529,0.621,7,-9.157,1,0.346,0.134,0.000756,0.2,0.645,169.915,0q519OVAzjwaVIitL7u8TR,226000,4,,,,
4Q2pE83LzAsxzdPFQhtEvI,7pRnKuQMkmntEj7Nnj94r0,8/30/2023,0.717,0.719,11,-5.895,0,0.0427,0.101,0,0.0895,0.545,92.531,4Q2pE83LzAsxzdPFQhtEvI,168840,4,,,,
1xZJmqrQWD9JWTahxzCfJm,7pRnKuQMkmntEj7Nnj94r0,8/30/2023,0.724,0.716,1,-9.095,0,0.405,0.149,0.0536,0.105,0.668,134.939,1xZJmqrQWD9JWTahxzCfJm,176000,4,,,,
4TjFvlzf7nLlQIqJc7H1GZ,7pRnKuQMkmntEj7Nnj94r0,8/30/2023,0.777,0.752,0,-10.3,1,0.134,0.247,0.000828,0.353,0.807,130.025,4TjFvlzf7nLlQIqJc7H1GZ,118913,4,,,,
1kF5XjyURFDjQsC9jUh81a,7pRnKuQMkmntEj7Nnj94r0,8/30/2023,0.695,0.34,6,-9.661,0,0.0393,0.705,0.000754,0.155,0.44,110.033,1kF5XjyURFDjQsC9jUh81a,273797,4,,,,
